,material_id,formula_unedited,formula,space group,target
0,522,Fe0.19La2.95Li5.57Zr2O12,Fe0.19La2.95Li5.57Zr2O12,220.0,-2.8601209135987635
1,47,0.9(0.6Li2S-0.4SiS2)- 0.1Li4SiO4,Li1.48S1.34Si0.5O0.4,,-3.3608520069109526
2,588,Li5.5Ba0.5La2.5Ta2O12,Li5.5Ba0.5La2.5Ta2O12,230.0,-4.869666231504994
3,786,0.7(Li2O) 0.3(P2O5),Li1.4P0.6O2.2,,-6.522878745280337
4,19,0.63(Li2S) 0.37(GeS2),Li1.26S1.37Ge0.37,,-3.823908740944319
5,891,0.28SiS2-0.42Li2S-0.30LiI,I0.3Li1.14S0.98Si0.28,,-2.744727494896694
6,1016,0.1LiI-0.9(0.5Li2S-0.5SiS2),LiI0.1S1.45Si0.5,,-4.399027104313252
7,847,Li2.8Zn0.6GeO4,Li2.8Zn0.6GeO4,,-6.896196279044043
8,840,Li5(OH)3Cl2,Li5O3H3Cl2,,-7.598599459218456
9,691,La3Zr2Ga0.5Li5.5O12,La3Zr2Ga0.5Li5.5O12,230.0,-4.0
10,1116,0.3Li2S-0.45Li2O-0.25P2S5,Li1.5O0.45P0.5S1.55,,-4.230622673923862
11,1229,0.9LiTi2(PO4)3-0.1Li3PO4,Li1.2000000000000002Ti1.8P2.8000000000000003O11.200000000000001,,-3.860120913598764
12,353,Li1.3La0.3Ti1.7(PO4)3,Li1.3La0.3Ti1.7P3O12,167.0,-3.281498311132726
13,783,0.6(Li2O) 0.4(P2O5),Li1.2P0.8O2.6,,-7.522878745280337
14,60,0.75(0.6Li2S-0.4SiS2)-0.25Li3BO3,Li1.65S1.25Si0.4B0.25O0.75,,-4.148444628573557
15,1023,0.75Li6Si2S7-0.25Li6B4O9,Li6Si1.5S5.25BO2.25,,-3.8477116556169433
16,1311,Li0.3La0.57TiO3,Li0.3La0.57TiO3,,-2.958607314841775
17,1213,0.5LiI-0.5Al2O3,Li0.5I0.5AlO1.5,,-4.58838029403677
18,1000,0.95(0.63Li2-0.37SiS2)-0.05(0.63Li2O-0.37P2O5),Li1.26Si0.37S0.74O1.882P0.74,,-3.0599818449923366
19,107,Li6.6La3Zr1.6Ta0.4O12,Li6.6La3Zr1.6Ta0.4O12,230.0,-3.2301193614453427
20,686,Li6.24La3Zr2Al0.24O11.98,Li6.24La3Zr2Al0.24O11.98,230.0,-3.397940008672037
21,1097,0.2Li2S-0.6Li2O-0.2P2S5,Li1.6O0.6P0.4S1.2,,-4.539102157243452
22,99,Li5La3Nb2O12,Li5La3Nb2O12,199.0,-4.980422053166251
23,145,Li4SnS4,Li4SnS4,62.0,-4.154901959985743
24,154,Li2.5Y0.5Zr0.5Cl6,Li2.5Y0.5Zr0.5Cl6,62.0,-2.853871964321762
25,546,La0.61Li0.15TiO3,La0.61Li0.15TiO3,221.0,-3.686132779630847
26,471,Li6.3P0.7Si0.3S5Br,Li6.3P0.7Si0.3S5Br,216.0,-2.7825160557860937
27,443,Li3AlN2,Li3AlN2,206.0,-7.301029995663981
28,624,Li6.6La3Zr1.8Mo0.2O12,Li6.6La3Zr1.8Mo0.2O12,230.0,-3.5072396109731625
29,400,Li1.05Fe0.05Ti0.95(PO4)3,Li1.05Fe0.05Ti0.95P3O12,167.0,-3.886056647693163
30,81,Li3SbS4,Li3SbS4,31.0,-5.823908740944319
31,12,0.2(Li2S) 0.8(GeS2),Li0.4S1.8Ge0.8,,-6.958607314841775
32,760,Li6.62La3Zr1.62Nb0.38O12,Li6.62La3Zr1.62Nb0.38O12,,-3.3555614105321614
33,85,Li3.6Ge0.6P0.4S4,Li3.6Ge0.6P0.4S4,11.0,-3.758206351515553
34,1087,Li3.25Ge0.25P0.75S3.5Se0.5,Li3.25Ge0.25P0.75S3.5Se0.5,,-3.2984320149440727
35,1286,Li0.5La0.5Ti0.998Ge0.002O3,Li0.5La0.5Ti0.998Ge0.002O3,,-3.040005161671584
36,730,Li3.6Zn0.2GeS4,Li3.6Zn0.2GeS4,,-7.229147988357856
37,1337,14Li2O-9Al2O3-38TiO2-39P2O5,Al18Li28O312P78Ti38,,-2.886056647693163
38,773,Li10(Ge0.95Sn0.05)P2S12,Li10Ge0.95Sn0.05P2S12,,-2.10790539730952
39,1,LiSn2(PO4)3,LiSn2P3O12,2.0,-8.6903698325741
40,671,Li6.5La3Hf1.5Ta0.5O12,Li6.5La3Hf1.5Ta0.5O12,230.0,-3.397940008672037
41,234,Li3.45Si0.45P0.55S4,Li3.45Si0.45P0.55S4,137.0,-2.171984935776023
42,52,LiAlSi4O10,LiAlSi4O10,13.0,-9.995678626217355
43,707,Li6.835La3Zr2O12Al0.231,Li6.835La3Zr2O12Al0.231,230.0,-3.657577319177794
44,273,Li9.6Ba0.2GeP2S12,Li9.6Ba0.2GeP2S12,137.0,-3.242603971206976
45,516,Li6.8P0.2Ge0.8S5I,Li6.8P0.2Ge0.8S5I,216.0,-4.283162276700476
46,1211,0.7LiI-0.3Al2O3,Li0.7I0.7Al0.6O0.8999999999999999,,-4.684029654543083
47,578,LiCdCl4,LiCdCl4,227.0,-6.236572006437063
48,1341,Li6.6La2.5Y0.5Zr1.6Ta0.4O12,Li6.6La2.5Y0.5Zr1.6Ta0.4O12,,-3.6458915608525992
49,1118,0.4Li2S-0.35Li2O-0.25P2S5,Li1.5O0.35P0.5S1.65,,-4.61261017366127
50,121,Li7P3S11,Li7P3S11,2.0,-2.2287323252718587
51,967,0.2Li3N-0.8SiS2,Li0.6000000000000001N0.2Si0.8S1.6,,-5.835647144215563
52,89,La0.64Li0.08TiO3,La0.64Li0.08TiO3,47.0,-3.474955192963155
53,16,0.2LiI-0.8(0.6Li2S-0.4SiS2),Li1.16I0.2S1.28Si0.4,,-3.681776112541235
54,1129,0.15Li2S-0.55Li2O-0.3P2S5,Li1.4000000000000001O0.55P0.6S1.65,,-6.537602002101044
55,506,Li6.1P0.9Sn0.1S5I,Li6.1P0.9Sn0.1S5I,216.0,-3.7931741239681513
56,332,Li1.3Cr0.3Ti1.7(PO4)3,Li1.3Cr0.3Ti1.7P3O12,167.0,-4.454692883534176
57,890,0.24SiS2-0.36Li2S-0.4LiI,I0.4Li1.12S0.84Si0.24,,-2.744727494896694
58,524,Li2.99Ba0.005Cl0.5I0.5,Li2.99Ba0.005Cl0.5I0.5,221.0,-2.6020599913279625
59,106,Li6.6La3Zr1.6Sb0.4O12,Li6.6La3Zr1.6Sb0.4O12,230.0,-3.113509274827518
60,1096,0.15Li2S-0.65Li2O-0.2P2S5,Li1.6O0.65P0.4S1.15,,-4.634512015109101
61,69,Li10.2Ge1.2P1.8S12,Li10.2Ge1.2P1.8S12,137.0,-1.8729435802119665
62,966,(0.67Li2S-0.33SiS2)-(0.75Li2S-0.25P2S5),Li2.84S3.33Si0.33P0.5,,-2.920818753952376
63,637,Li5La3Sb2O12,Li5La3Sb2O12,230.0,-5.086186147616283
64,809,Li6.55La3Zr2Ga0.15O12,Li6.55La3Zr2Ga0.15O12,,-2.886056647693163
65,330,Li1.5Al0.5Ti1.5(PO4)3,Li1.5Al0.5Ti1.5P3O12,167.0,-3.605548319173784
66,362,Li1.15Y0.15Zr1.85(PO4)3,Li1.15Y0.15Zr1.85P3O12,167.0,-3.853871964321762
67,1170,0.9(0.33B2S3-0.67Li2S)-0.1LiI,B0.594S1.561Li1.44I0.1,,-3.317854923626168
68,74,Li10.5Ge1.5P1.5S12,Li10.5Ge1.5P1.5S12,137.0,-1.960590408450576
69,121,Li4.6Si0.4Al0.6S4,Li4.6Si0.4Al0.6S4,62.0,-7.838631997765025
70,596,Li7.06La3Y0.06Zr1.94O12,Li7.06La3Y0.06Zr1.94O12,230.0,-3.0195421077239
71,179,LiZnPS4,LiZnPS4,82.0,-7.267606240177032
72,1303,La0.566Li0.1Ti0.9Al0.1O3,La0.566Li0.1Ti0.9Al0.1O3,,-5.13430394008393
73,1316,Li1.1Al0.1Zr1.8(PO4)3,Li1.1Al0.1Zr1.8P3O12,,-6.197226274708024
74,227,Li9P3S9O3,Li9P3S9O3,137.0,-4.369572124974976
75,86,LiSi2N3,LiSi2N3,36.0,-7.209714835966758
76,209,Li0.42La0.52TiO3,Li0.42La0.52TiO3,123.0,-3.072116589669293
77,1043,Li7P2.9S10.85Mo0.01,Li7P2.9S10.85Mo0.01,,-2.318758762624413
78,360,Li(Ti0.6Sn1.4)(PO4)3,LiTi0.6Sn1.4P3O12,167.0,-5.025949097207123
79,495,Li6P0.75Ge0.25S5I,Li6P0.75Ge0.25S5I,216.0,-4.486782399932061
80,61,Li1.6Al0.6Ge1.4(PO4)3,Li1.6Al0.6Ge1.4P3O12,167.0,-3.475592719063694
81,1093,0.8Li2O-0.2P2S5,Li1.6O0.8P0.4S,,-4.8124792791635365
82,305,Li4.4Al0.4Ge0.6S4,Li4.4Al0.4Ge0.6S4,164.0,-4.363512103646634
83,514,Li6.55P0.45Ge0.55S5I,Li6.55P0.45Ge0.55S5I,216.0,-3.3861581781239307
84,879,0.8(SiS2-Li2S)-0.2LiCl,Si0.8S2.6Li2.2Cl0.2,,-3.628932137728264
85,798,0.63Li2O-0.37P2O5,Li1.26O2.48P0.74,,-6.886056647693163
86,1095,0.1Li2S-0.7Li2O-0.2P2S5,Li1.5999999999999999O0.7P0.4S1.1,,-4.798602875679548
87,1321,Li1.3Al0.3Zr1.4(PO4)3,Li1.3Al0.3Zr1.4P3O12,,-5.718966632752273
88,1148,0.99(0.7Li2S-0.3P2S5)- 0.01Li2ZrO3,Li1.406S2.193P0.6Zr0.01O0.03,,-2.543633966870957
89,241,Li3.26Sn0.26P0.74S4,Li3.26Sn0.26P0.74S4,137.0,-2.343901797987168
90,1139,0.65Li2S-0.05Li2O-0.3P2S5,Li1.4000000000000001O0.05P0.6S2.15,,-4.605548319173784
91,0,LiAlSi3O8,LiAlSi3O8,2.0,-9.886056647693165
92,33,0.93(0.6Li2S-0.4SiS2)-0.07Li3BO3,Li1.326S1.358Si0.4B0.07O0.21,,-3.423147433008712
93,1003,0.8(0.55Li2-0.45SiS2)-0.2(0.55Li2O-0.45P2O5),Li1.1Si0.45S0.9O2.36P0.9,,-4.103473782510445
94,339,Li1.4Ga0.4Ti1.6(PO4)3,Li1.4Ga0.4Ti1.6P3O12,167.0,-3.892790030352132
95,57,0.75Li2S-0.25P2S5,Li1.5S2P0.5,,-3.616635842674573
96,436,Li5.5K0.25La2.75Nb2O12,Li5.5K0.25La2.75Nb2O12,199.0,-2.496209316942819
97,769,Li10(Ge0.7Si0.3)P2S12,Li10Ge0.7Si0.3P2S12,,-2.2350770153501114
98,991,0.55Li2-0.45SiS2,Li1.1Si0.45S0.9,,-3.185086818724926
99,1184,0.985(0.5Li2S-0.5SiS2)-0.015Li3PO4,Li1.03S1.492Si0.5P0.015O0.06,,-4.202040356262804
100,675,Li5.5La3Ta1.75Sm0.25O12,Li5.5La3Ta1.75Sm0.25O12,230.0,-5.286509456906058
101,267,Li10.5(Sn0.2Si0.8)1.5P1.5S12,Li10.5Sn0.30000000000000004Si1.2000000000000002P1.5S12,137.0,-2.0560111249262283
102,220,Li4PS4I,Li4PS4I,129.0,-3.9208187539523753
103,46,0.9(0.6Li2S-0.4SiS2)- 0.1Li4GeO4,Li1.48S1.34Si0.4Ge0.1O0.4,,-3.4975728800155674
104,193,La0.5Li0.5TiO3,La0.5Li0.5TiO3,123.0,-3.0338582672609675
105,1135,0.45Li2S-0.25Li2O-0.3P2S5,Li1.4O0.25P0.6S1.95,,-5.292429823902063
106,1257,(Li0.39La0.54)1.006Al0.006Ti0.994O3,Li0.39234La0.5432400000000001Al0.006Ti0.994O3,,-2.9469215565165805
107,132,Li2.88PO3.73N0.14,Li2.88PO3.73N0.14,62.0,-12.0
108,1199,0.95(0.61Li2S-0.39SiS2)-0.05Li3PO4,Li1.309S1.36Si0.39P0.05O0.2,,-3.329754146925876
109,1334,Li1.4Y0.4Ti1.6(PO4)3,Li1.4Y0.4Ti1.6P3O12,,-6.527243550682788
110,0,0.14 SiS2-0.09 P2S5-0.47 Li2S-0.30 LiI,I0.3Li1.24P0.18S1.2Si0.14,,-2.7786033870301154
111,844,Li3.7Zn0.15GeO4,Li3.7Zn0.15GeO4,,-6.334419008982047
112,66,Li1.8Al0.8Ge1.2(PO4)3,Li1.8Al0.8Ge1.2P3O12,167.0,-3.8866871607020976
113,1268,(La0.5Li0.5)0.9Sr0.1TiO3,La0.45Li0.45Sr0.1TiO3,,-2.886056647693163
114,930,0.5025Li2O-0.0025Al2O3-0.095TiO2-0.4P2O5,Al0.005Li1.005O2.7P0.8Ti0.095,,-7.806875401645538
115,437,Li5.5La3Nb1.75In0.25O12,Li5.5La3Nb1.75In0.25O12,199.0,-2.0931264652779293
116,1300,La0.54Li0.36Ti0.995W0.005O3,La0.54Li0.36Ti0.995W0.005O3,,-3.5850266520291822
117,838,Li2OHBr0.8F0.2,Li2OHBr0.8F0.2,,-6.2644011003018205
118,223,Li9.42Si1.02P2.1S9.96O2.04,Li9.42Si1.02P2.1S9.96O2.04,137.0,-3.958607314841775
119,846,Li3.1Zn0.45GeO4,Li3.1Zn0.45GeO4,,-7.004803708402821
120,170,Pr0.51Li0.39TiO2.96,Pr0.51Li0.39TiO2.96,62.0,-6.272458742971444
121,54,LiGaBr4,LiGaBr4,14.0,-5.154901959985743
122,746,Li3Cl0.5Br0.5O,Li3Cl0.5Br0.5O,,-2.712198270069774
123,587,Li5.25Ba0.25La2.75Ta2O12,Li5.25Ba0.25La2.75Ta2O12,230.0,-5.219682687859849
124,483,Li6P(S4.4Se0.6)Br,Li6PS4.4Se0.6Br,216.0,-2.555955204081924
125,1151,Li2.7PO3.9,Li2.7PO3.9,,-7.154901959985743
126,480,Li6P(S4.7Se0.3)Br,Li6PS4.7Se0.3Br,216.0,-2.441291429466834
127,151,Pr0.57Li0.29TiO3,Pr0.57Li0.29TiO3,62.0,-5.543633966870957
128,123,Li3.8Si0.8Al0.2S4,Li3.8Si0.8Al0.2S4,62.0,-7.623423042943488
129,92,Li3InBr6,Li3InBr6,12.0,-3.3979291515814154
130,114,Li6La3ZrTaO12,Li6La3ZrTaO12,230.0,-3.65652201586701
131,1009,0.725Li2S-0.275P2S5,Li1.45S2.1P0.55,,-3.34582345812204
132,1315,Li1.05Al0.05Zr1.9(PO4)3,Li1.05Al0.05Zr1.9P3O12,,-6.237321436272564
133,76,Li10SnP2S12,Li10SnP2S12,137.0,-2.330908674485193
134,1317,Li1.2Al0.2Zr1.6(PO4)3,Li1.2Al0.2Zr1.6P3O12,,-5.721246399047171
135,835,Li2OHBr0.98F0.02,Li2OHBr0.98F0.02,,-5.954677021213342
136,391,Li1.05Al0.05Ti0.95(PO4)3,Li1.05Al0.05Ti0.95P3O12,167.0,-2.958607314841775
137,132,LiZr2(PO4)3,LiZr2P3O12,167.0,-7.230192746046663
138,589,Li6.25Ba1.25La1.75Ta2O12,Li6.25Ba1.25La1.75Ta2O12,230.0,-4.296708621881338
139,58,Li1.5Sc0.5Ti1.5(PO4)3,Li1.5Sc0.5Ti1.5P3O12,167.0,-4.9314400961428975
140,218,La0.63Li0.11(Mg0.5W0.5)O3,La0.63Li0.11Mg0.5W0.5O3,129.0,-5.167491087293763
141,159,Li3.5Ge0.5V0.5O4,Li3.5Ge0.5V0.5O4,62.0,-4.752026733638194
142,1168,0.33B2S3-0.67Li2S,B0.66S1.6600000000000001Li1.34,,-3.6458915608525992
143,40,0.9(0.6Li2S-0.4SiS2)-0.1Li3PO4,Li1.38S1.34Si0.4P0.1O0.4,,-3.812992629854044
144,89,Li3.8Si0.8P0.2S4,Li3.8Si0.8P0.2S4,11.0,-6.0920528055333865
145,94,Li0.2Na0.3La0.5Nb2O6,Li0.2Na0.3La0.5Nb2O6,47.0,-4.928117992693875
146,467,Li6.175P0.825Si0.175S5Br,Li6.175P0.825Si0.175S5Br,216.0,-3.0310503190186573
147,833,Li2OHBrF,Li2OHBrF,,-6.1487416512809245
148,386,Li1.3Al0.15Sc0.15Ti1.7(PO4)3,Li1.3Al0.15Sc0.15Ti1.7P3O12,167.0,-2.906578314837765
149,7,Li2B3PO8,Li2B3PO8,2.0,-12.0
150,1270,(La0.5Li0.5)0.95Ba0.05TiO3,La0.475Li0.475Ba0.05TiO3,,-3.1186153432294272
151,527,(La0.46Li0.429Sr0.111)(TiO3),La0.46Li0.429Sr0.111TiO3,221.0,-3.705533773838407
152,462,Li6.025P0.975Si0.025S5Br,Li6.025P0.975Si0.025S5Br,216.0,-3.056505484093897
153,1233,0.9LiTi2(PO4)3-0.1Li3BO3,Li1.2000000000000002Ti1.8P2.7O11.100000000000001B0.1,,-3.595166283380062
154,1042,0.67(0.75Li2S-0.25P2S5)-0.33LiBH4,Li1.335S1.752P0.5B0.33H1.32,,-2.9469215565165805
155,333,Li1.4Cr0.4Ti1.6(PO4)3,Li1.4Cr0.4Ti1.6P3O12,167.0,-3.826813731587726
156,937,0.54Li2O-0.04Al2O3-0.02TiO2-0.4P2O5,Al0.08Li1.08O2.7P0.8Ti0.02,,-6.705533773838407
157,863,(2Li2S-P2S5)0.75(LiI)0.25,Li3.25P1.5S5.25I0.25,,-3.402304814074488
158,390,LiTi(PO4)3,LiTiP3O12,167.0,-4.221848749616356
159,1262,(Li0.39La0.54)1.025Cr0.05Ti0.95O3,Li0.39975La0.5535Cr0.05Ti0.95O3,,-2.98296666070122
160,14,0.4(Li2S) 0.6(GeS2),Li0.8S1.6Ge0.6,,-5.523351341960726
161,367,Li1.3(Al0.23Y0.07Ti1.7)(PO4)3,Li1.3Al0.23Y0.07Ti1.7P3O12,167.0,-7.415668775632469
162,548,La0.55Li0.33TiO3,La0.55Li0.33TiO3,221.0,-2.8013429130455774
163,1021,0.9Li6Si2S7-0.1Li6B4O9,Li6Si1.8S6.3B0.4O0.9,,-3.424812155072339
164,576,Li1.9Mn0.9Ga0.1Cl4,Li1.9Mn0.9Ga0.1Cl4,227.0,-6.6252516539898965
165,88,Li3.8Ge0.8P0.2S4,Li3.8Ge0.8P0.2S4,11.0,-5.753270974502406
166,352,Li1.2La0.2Ti1.8(PO4)3,Li1.2La0.2Ti1.8P3O12,167.0,-4.096910013008056
167,189,Li2B4O7,Li2B4O7,110.0,-10.0
168,688,Li7La3Zr1.6Ga0.4O12,Li7La3Zr1.6Ga0.4O12,230.0,-4.356547323513813
169,69,Li2ZrO3,Li2ZrO3,15.0,-9.214670164989233
170,650,Li6.06Al0.2La3Zr2O12,Li6.06Al0.2La3Zr2O12,230.0,-3.397940008672037
171,103,Li6.4La3Zr1.4Sb0.6O12,Li6.4La3Zr1.4Sb0.6O12,230.0,-3.1804560644581312
172,993,0.63Li2-0.37SiS2,Li1.26Si0.37S0.74,,-2.978810700930062
173,45,0.85(0.6Li2S-0.4SiS2)-0.15Li3BO3,Li1.47S1.31Si0.4B0.15O0.45,,-3.4678870978703915
174,1258,(Li0.39La0.54)1.01Al0.02Ti0.98O3,Li0.39390000000000003La0.5454Al0.02Ti0.98O3,,-2.8013429130455774
175,464,Li6.075P0.925Si0.075S5Br,Li6.075P0.925Si0.075S5Br,216.0,-3.0589857562944305
176,933,0.51Li2O-0.01Al2O3-0.08TiO2-0.4P2O5,Al0.02Li1.02O2.7P0.8Ti0.08,,-6.801342913045577
177,11,Li0.39La0.54TiO3,Li0.39La0.54TiO3,,-2.9789880363755663
178,117,Li3.1Si0.55S0.45O4,Li3.1Si0.55S0.45O4,62.0,-6.503070351926785
179,325,Li1.3Ti2Si0.3P2.7O12,Li1.3Ti2Si0.3P2.7O12,167.0,-3.494850021680094
180,876,0.4 LiBr-0.3 SiS2-0.3 Li2S,Br0.4LiS0.9Si0.3,,-3.958607314841775
181,928,0.9(0.6Li2S-0.4SiS2)-0.1Li2SO4,Li1.28S1.44Si0.4O0.4,,-4.327902142064283
182,25,Li4SiO4,Li4SiO4,11.0,-9.30102999566398
183,231,Li10GePS12,Li10GePS12,137.0,-1.91721462968355
184,205,Li0.68La0.49TiO3,Li0.68La0.49TiO3,123.0,-2.9871627752948275
185,983,0.75(0.5Li2O-0.5Li2S)-0.25P2S5,Li1.75O0.375S1.75P0.5,,-4.548213564475709
186,430,Li3(NH2)2I,Li3N2H4I,186.0,-5.0
187,777,Li10(Ge0.5Sn0.5)P2S12,Li10Ge0.5Sn0.5P2S12,,-2.2097148359667584
188,1084,Li3.4Ge0.4P0.6S3.2Se0.8,Li3.4Ge0.4P0.6S3.2Se0.8,,-2.9318141382538383
189,1298,La0.55Li0.36Ti0.995Al0.005O3,La0.55Li0.36Ti0.995Al0.005O3,,-2.958607314841775
190,864,(2Li2S-P2S5)0.60(LiI)0.40,Li2.8P1.2S4.2I0.4,,-3.1191864077192086
191,70,Li6Zr2O7,Li6Zr2O7,15.0,-9.2839966563652
192,655,Li5.2La3Nb1.9Y0.1O12,Li5.2La3Nb1.9Y0.1O12,230.0,-4.1944991418416
193,659,Li6Ba0.5Sr0.5La2Ta2O12,Li6Ba0.5Sr0.5La2Ta2O12,230.0,-5.1487416512809245
194,239,Li3.285Sn0.28P0.72S4,Li3.285Sn0.28P0.72S4,137.0,-2.360513510731414
195,31,Li1.2Sc0.2Ti1.8(PO4)3,Li1.2Sc0.2Ti1.8P3O12,167.0,-3.773654543693338
196,843,Li3OHCl2,Li3OHCl2,,-7.049635145623877
197,1115,0.25Li2S-0.5Li2O-0.25P2S5,Li1.5O0.5P0.5S1.5,,-4.42021640338319
198,726,Li2.8Ca0.1InBr6,Li2.8Ca0.1InBr6,,-3.5228787452803374
199,208,Li0.36La0.55TiO3,Li0.36La0.55TiO3,123.0,-3.0296531237699065
200,528,(La0.402Li0.368Sr0.230)(TiO3),La0.402Li0.368Sr0.23TiO3,221.0,-4.542118103266008
201,1219,Li3.5As0.5Ge0.5O4,Li3.5As0.5Ge0.5O4,,-4.548213564475709
202,839,Li3(OH)2Cl,Li3O2H2Cl,,-7.565431095965801
203,116,Li6PS5Cl,Li6PS5Cl,216.0,-3.9846293877759393
204,1031,Li7La3Zr2O12?5 wt% LiPO3,Li15La6Zr4PO27,,-5.6020599913279625
205,772,Li10(Ge0.2Si0.8)P2S12,Li10Ge0.2Si0.8P2S12,,-2.317854923626168
206,350,Li1.4In0.4Ti1.6(PO4)3,Li1.4In0.4Ti1.6P3O12,167.0,-3.519993057042849
207,95,Li4GeS4,Li4GeS4,62.0,-6.698970004336019
208,174,Li2MgBr4,Li2MgBr4,65.0,-9.10790539730952
209,77,LiVO3,LiVO3,15.0,-8.688246138944246
210,102,Li6.2La3Zr1.2Ta0.8O12,Li6.2La3Zr1.2Ta0.8O12,230.0,-3.494850021680094
211,62,0.8Li2S-0.2P2S5,Li1.6S1.8P0.4,,-3.515474128012817
212,107,Li0.12La0.75TiO3,Li0.12La0.75TiO3,47.0,-3.623423042943488
213,1193,0.61Li2S-0.39SiS2,Li1.22S1.3900000000000001Si0.39,,-3.280668713016273
214,860,0.6 Li2S * 0.4 SiS2,Li1.2Si0.4S1.4,,-3.3010299956639813
215,85,Li3SbS3,Li3SbS3,33.0,-7.0
216,1035,0.667Li2S-0.333P2S5,Li1.334S2.332P0.666,,-4.4156687756324695
217,1274,Li0.5La0.5Ti0.96Sn0.04O3,Li0.5La0.5Ti0.96Sn0.04O3,,-3.4100503986742923
218,634,Li6La2SrBi2O12,Li6La2SrBi2O12,230.0,-4.2839966563652006
219,762,Li6La3ZrNbO12,Li6La3ZrNbO12,,-3.823908740944319
220,429,LiAlSiO4,LiAlSiO4,181.0,-8.698970004336019
221,327,Li1.5Ti2Si0.5P2.5O12,Li1.5Ti2Si0.5P2.5O12,167.0,-4.017728766960432
222,537,Li0.375Sr0.4375Zr0.25Ta0.75O3,Li0.375Sr0.4375Zr0.25Ta0.75O3,221.0,-3.6989700043360183
223,1105,0.6Li2S-0.2Li2O-0.2P2S5,Li1.6O0.2P0.4S1.6,,-3.9507819773298185
224,29,0.6Li2S-0.4SiS2,Li1.2S1.4Si0.4,,-3.5991237969617926
225,54,Li1.5Al0.5Ge1.5(PO4)3,Li1.5Al0.5Ge1.5P3O12,167.0,-3.49315853146928
226,39,0.9(0.6Li2S-0.4SiS2)-0.1Li3InO3,Li1.38S1.34Si0.4In0.1O0.3,,-4.165898393183549
227,24,Li7.22Si1.5P0.5O8,Li7.22Si1.5P0.5O8,11.0,-6.785156151952302
228,1019,Li6Si2S7,Li6Si2S7,,-3.3861581781239307
229,992,0.60Li2-0.4SiS2,Li1.2Si0.4S0.8,,-2.9244530386074694
230,1228,0.95LiTi2(PO4)3-0.05Li3PO4,Li1.1Ti1.9P2.8999999999999995O11.599999999999998,,-4.2580609222708015
231,399,Li1.3Cr0.3Ti0.7(PO4)3,Li1.3Cr0.3Ti0.7P3O12,167.0,-3.537602002101044
232,52,Li1.4Sc0.4Ti1.6(PO4)3,Li1.4Sc0.4Ti1.6P3O12,167.0,-4.15684053911074
233,927,0.95(0.6Li2S-0.4SiS2)-0.05Li2SO4,Li1.24S1.42Si0.4O0.2,,-3.343901797987168
234,343,Li1.4Fe0.4Ti1.6(PO4)3,Li1.4Fe0.4Ti1.6P3O12,167.0,-3.406713932979543
235,698,Li6.65La2.75Ba0.25Zr1.4Ta0.5Nb0.1O12,Li6.65La2.75Ba0.25Zr1.4Ta0.5Nb0.1O12,230.0,-3.2781893847874533
236,410,Li1.7Cr0.7Ge1.3(PO4)3,Li1.7Cr0.7Ge1.3P3O12,167.0,-4.609064892896621
237,1012,0.1LiI-0.9(0.6Li2S-0.4SiS2),Li1.18I0.1S1.34Si0.4,,-3.628932137728264
238,449,(Li0.55Mg0.45)(Li0.445Mg0.055)Ti1.5O4,Li0.55Mg0.45Li0.445Mg0.055Ti1.5O4,212.0,-10.8153085691824
239,482,Li6P(S4.5Se0.5)Br,Li6PS4.5Se0.5Br,216.0,-2.571865205971211
240,58,LiAlCl4,LiAlCl4,14.0,-6.0
241,80,Li3.3Ge0.3P0.7S4,Li3.3Ge0.3P0.7S4,11.0,-2.756969041951625
242,137,Li3.70Ge0.85W0.15O4,Li3.7Ge0.85W0.15O4,62.0,-4.42021640338319
243,481,Li6P(S4.6Se0.4)Br,Li6PS4.6Se0.4Br,216.0,-2.438898616350944
244,337,Li1.2Ga0.2Ti1.8(PO4)3,Li1.2Ga0.2Ti1.8P3O12,167.0,-3.790484985457369
245,1230,0.8LiTi2(PO4)3-0.2Li3PO4,Li1.4000000000000001Ti1.6P2.6000000000000005O10.400000000000002,,-3.714442690992226
246,172,Li4GeO4,Li4GeO4,63.0,-9.55284196865778
247,276,Li9Ba0.5GeP2S12,Li9Ba0.5GeP2S12,137.0,-4.000869458712629
248,9,Li0.18La0.61TiO3,Li0.18La0.61TiO3,65.0,-3.5262831390564746
249,893,0.27SiS2-0.03Al2S3-0.30Li2S-0.40LiI,Al0.06I0.4LiS0.9299999999999999Si0.27,,-2.920818753952376
250,616,Li6.55La3Zr1.55Ta0.45O12,Li6.55La3Zr1.55Ta0.45O12,230.0,-3.161150909262745
251,30,0.6Li2S-0.4P2S5,Li1.2S2.6P0.8,,-4.651385328620141
252,1040,0.95(0.75Li2S-0.25P2S5)-0.05LiBH4,Li1.475S1.962P0.5B0.05H0.2,,-3.400116927926312
253,304,Li3ErCl6,Li3ErCl6,164.0,-3.4814860601221125
254,1029,0.63Li6Si2S7-0.37Li6B4S9,Li6Si1.26S7.74B1.48,,-3.3575354797578787
255,570,Li(Li0.34Ti1.66)O4,LiLi0.34Ti1.66O4,227.0,-7.219682687859849
256,99,(Ag0.33Li0.67)0.27La0.57TiO3,Ag0.08910000000000001Li0.18090000000000003La0.57TiO3,47.0,-4.0
257,635,Li5Nd3Sb2O12,Li5Nd3Sb2O12,230.0,-6.886056647693163
258,779,Li10(Ge0.3Sn0.7)P2S12,Li10Ge0.3Sn0.7P2S12,,-2.2549252084179425
259,555,La0.385Sr0.275Li0.275TiO3,La0.385Sr0.275Li0.275TiO3,221.0,-4.218963061378868
260,122,Li7PS6,Li7PS6,,-4.945042068488103
261,372,Li1.1Y0.1Zr1.9(PO4)3,Li1.1Y0.1Zr1.9P3O12,167.0,-4.0
262,38,0.95(0.6Li2S-0.4SiS2)-0.05Li4GeO4,Li1.34S1.37Si0.4Ge0.05O0.2,,-2.92083383414551
263,638,Li6SrLa2Sb2O12,Li6SrLa2Sb2O12,230.0,-5.180456064458132
264,55,Li2SO4,Li2SO4,14.0,-12.0
265,67,0.6(0.6Li2S-0.4SiS2)- 0.4Li3PO4,Li1.92S1.16Si0.4P0.4O1.6,,-5.273272790973428
266,124,Li9.81Sn0.81P2.19S12,Li9.81Sn0.81P2.19S12,137.0,-2.281203983873019
267,4,La0.54Li0.39TiO3,La0.54Li0.39TiO3,123.0,-3.044754499211876
268,869,0.27B2S3 ? 0.32Li2S ? 0.41LiI,B0.54S1.1300000000000001Li1.05I0.41,,-3.3716110699496884
269,1180,0.25B2S3-0.75Li2S,B0.5S1.5Li1.5,,-3.518557371497695
270,458,Li6PS5Cl0.75Br0.25,Li6PS5Cl0.75Br0.25,216.0,-2.6458915608525992
271,987,0.75(0.1Li2O-0.9Li2S)-0.25P2S5,Li1.95O0.075S2.15P0.5,,-3.6439741428068775
272,1212,0.6LiI-0.4Al2O3,Li0.6I0.6Al0.8O1.2000000000000002,,-4.404503778174426
273,404,Li1.5Fe0.5Ti0.5(PO4)3,Li1.5Fe0.5Ti0.5P3O12,167.0,-3.5686362358410126
274,776,Li10(Ge0.7Sn0.3)P2S12,Li10Ge0.7Sn0.3P2S12,,-2.187755303199631
275,336,Li1.7Cr0.7Ti1.3(PO4)3,Li1.7Cr0.7Ti1.3P3O12,167.0,-5.094204119632131
276,1133,0.35Li2S-0.35Li2O-0.3P2S5,Li1.4O0.35P0.6S1.85,,-5.434152181326482
277,832,Li1.90Cd1.05Cl4,Li1.9Cd1.05Cl4,,-5.455931955649724
278,173,LiCl*H2O,LiClH2O,63.0,-8.0
279,303,Li3YCl6,Li3YCl6,164.0,-3.268411234813261
280,44,Li3InCl6,Li3InCl6,12.0,-2.690369832574101
281,545,La0.52Li0.35TiO2.96,La0.52Li0.35TiO2.96,221.0,-3.0404816230270018
282,365,Li1.3(Al0.23Ga0.07Ti1.7)(PO4)3,Li1.3Al0.23Ga0.07Ti1.7P3O12,167.0,-5.350665141287858
283,252,Li10.2Si1.2P1.8S12,Li10.2Si1.2P1.8S12,137.0,-2.380906669373257
284,42,Li1.3Al0.3Ge1.7(PO4)3,Li1.3Al0.3Ge1.7P3O12,167.0,-3.883583692224033
285,997,0.95(0.55Li2-0.45SiS2)-0.05(0.55Li2O-0.45P2O5),Li1.1Si0.45S0.9O2.277P0.9,,-2.9956786262173574
286,575,Li2MgCl4,Li2MgCl4,227.0,-6.204815410317576
287,822,Li3InBr2Cl4,Li3InBr2Cl4,,-7.161780778092374
288,1108,0.75Li2S-0.05Li2O-0.2P2S5,Li1.6O0.05P0.4S1.75,,-3.844663962534938
289,984,0.75(0.4Li2O-0.6Li2S)-0.25P2S5,Li1.8O0.3S1.85P0.5,,-4.30189945437661
290,727,Li2.7Ca0.15InBr6,Li2.7Ca0.15InBr6,,-4.15676722190199
291,1339,Li6.6La2.875Y0.125Zr1.6Ta0.4O12,Li6.6La2.875Y0.125Zr1.6Ta0.4O12,,-3.4989407377822483
292,1271,La0.63Li0.1Mg0.5W0.5O3,La0.63Li0.1Mg0.5W0.5O3,,-5.772113295386326
293,706,Li6.949La3Zr2O12Al0.262,Li6.949La3Zr2O12Al0.262,230.0,-3.6478174818886377
294,479,Li6P(S4.8Se0.2)Br,Li6PS4.8Se0.2Br,216.0,-2.406713932979543
295,186,(Li0.5Ce0.25Sm0.25)(MoO4),Li0.5Ce0.25Sm0.25MoO4,88.0,-9.744727494896694
296,1174,0.6(0.33B2S3-0.67Li2S)-0.4LiI,B0.396S1.264Li1.74I0.4,,-3.31069114087638
297,371,Li1.05Y0.05Zr1.95(PO4)3,Li1.05Y0.05Zr1.95P3O12,167.0,-3.886056647693163
298,1175,0.29B2S3-0.71Li2S,B0.58S1.5799999999999998Li1.42,,-3.567030709125594
299,1113,0.15Li2S-0.6Li2O-0.25P2S5,Li1.5O0.6P0.5S1.4,,-4.573488738635425
300,828,Li1.6Mn1.2Cl4,Li1.6Mn1.2Cl4,,-4.838631997765025
301,97,Li4SiS4,Li4SiS4,11.0,-7.6300392856003
302,128,LiPO3,LiPO3,13.0,-8.979303657420887
303,625,Li6.4La3Zr1.7Mo0.3O12,Li6.4La3Zr1.7Mo0.3O12,230.0,-3.43297363384094
304,373,Li1.1Al0.1Ge1.9(PO4)3,Li1.1Al0.1Ge1.9P3O12,167.0,-4.889410289700751
305,105,Li0.15La0.72TiO3,Li0.15La0.72TiO3,47.0,-3.382999658879101
306,324,Li1.2Ti2Si0.2P2.8O12,Li1.2Ti2Si0.2P2.8O12,167.0,-4.0655015487564325
307,968,0.3Li3N-0.7SiS2,Li0.8999999999999999N0.3Si0.7S1.4,,-4.527243550682788
308,1099,0.3Li2S-0.5Li2O-0.2P2S5,Li1.6O0.5P0.4S1.3,,-4.361510743045363
309,1026,0.9Li6Si2S7-0.1Li6B4S9,Li6Si1.8S7.2B0.4,,-3.3251388592621884
310,532,(La0.55Li0.45)(Ti0.9Al0.1)O3,La0.55Li0.45Ti0.9Al0.1O3,221.0,-2.8210230527068307
311,149,Pr0.55Li0.35TiO3,Pr0.55Li0.35TiO3,62.0,-5.82102305270683
312,630,Li6.375La3Zr1.375Nb0.625O12,Li6.375La3Zr1.375Nb0.625O12,230.0,-2.8632794328435933
313,408,Li1.3Cr0.3Ge1.7(PO4)3,Li1.3Cr0.3Ge1.7P3O12,167.0,-4.052076380168273
314,143,LiZnSO4F,LiZnSO4F,62.0,-4.552841968657781
315,474,Li7Ge3PS12,Li7Ge3PS12,216.0,-3.958607314841775
316,1172,0.75(0.33B2S3-0.67Li2S)-0.25LiI,B0.495S1.413Li1.59I0.25,,-3.214670164989233
317,1313,Li0.45La0.52TiO3,Li0.45La0.52TiO3,,-3.0433514207947967
318,759,Li6.75La3Zr1.75Nb0.25O12,Li6.75La3Zr1.75Nb0.25O12,,-3.1129456219490432
319,120,Li4.4Si0.6Al0.4S4,Li4.4Si0.6Al0.4S4,62.0,-7.517126416391246
320,349,Li1.3In0.3Ti1.7(PO4)3,Li1.3In0.3Ti1.7P3O12,167.0,-3.4056074496245734
321,643,Li6.15La3Zr1.75Ta0.25Ga0.2O12,Li6.15La3Zr1.75Ta0.25Ga0.2O12,230.0,-3.3872161432802645
322,1290,Li0.5La0.5Ti0.99Ge0.01O3,Li0.5La0.5Ti0.99Ge0.01O3,,-2.9469215565165805
323,133,Li3PO4,Li3PO4,62.0,-12.0
324,61,LiClC3H7NO,LiClC3H7NO,14.0,-3.795880017344075
325,221,Li9.75Sn0.75P2.25S12,Li9.75Sn0.75P2.25S12,137.0,-2.447331783887807
326,1220,Li3.5V0.5Ge0.5O4,Li3.5V0.5Ge0.5O4,,-4.522878745280337
327,621,Li6.05Ga0.25La3Zr2O11.8F0.2,Li6.05Ga0.25La3Zr2O11.8F0.2,230.0,-2.892790030352132
328,292,LiGaSiO4,LiGaSiO4,146.0,-12.0
329,1022,0.875Li6Si2S7-0.125Li6B4O9,Li6Si1.75S6.125B0.5O1.125,,-3.557520230935552
330,774,Li10(Ge0.9Sn0.1)P2S12,Li10Ge0.9Sn0.1P2S12,,-2.1232050237992994
331,93,Li3N,Li3N,191.0,-3.221848749616356
332,116,Li3.2Si0.6S0.4O4,Li3.2Si0.6S0.4O4,62.0,-5.87942606879415
333,307,Li5NCl2,Li5NCl2,166.0,-5.920818753952375
334,454,Li6PS5Cl0.5Br0.5,Li6PS5Cl0.5Br0.5,216.0,-2.4775557664936803
335,1094,0.05Li2S-0.75Li2O-0.2P2S5,Li1.6O0.75P0.4S1.05,,-4.856985199745905
336,751,80Li2S * 20P2S5,Li160S85P2,,-3.1426675035687315
337,50,Li3YBr6,Li3YBr6,12.0,-2.7166987712964503
338,112,Li6CaLa2Ta2O12,Li6CaLa2Ta2O12,230.0,-5.657577319177793
339,36,0.92(0.6Li2S-0.4SiS2)-0.08Li3GaO3,Li1.344S1.352Si0.4Ga0.08O0.24,,-3.5164179725080578
340,105,Li6.5La3Zr1.5Ta0.5O12,Li6.5La3Zr1.5Ta0.5O12,230.0,-3.115254926899324
341,351,Li1.5In0.5Ti1.5(PO4)3,Li1.5In0.5Ti1.5P3O12,167.0,-3.690369832574101
342,354,Li1.4La0.4Ti1.6(PO4)3,Li1.4La0.4Ti1.6P3O12,167.0,-3.3027706572402824
343,473,Li6.5P0.5Si0.5S5Br,Li6.5P0.5Si0.5S5Br,216.0,-2.659555885159881
344,653,(Li6.26Al0.24)La3Zr2O12,Li6.26Al0.24La3Zr2O12,230.0,-3.508638306165728
345,335,Li1.6Cr0.6Ti1.4(PO4)3,Li1.6Cr0.6Ti1.4P3O12,167.0,-3.899629454882437
346,1306,La0.416Li0.25Ti0.75Al0.25O3,La0.416Li0.25Ti0.75Al0.25O3,,-4.115771230367396
347,162,Li3.85Sn0.85As0.15S4,Li3.85Sn0.85As0.15S4,62.0,-3.6819366650372394
348,1144,0.7Li2S-0.28P2S5-0.02Li3PO4,Li1.46O0.08P0.5800000000000001S2.1,,-3.0048037084028207
349,1085,Li3.35Ge0.35P0.65S3.3Se0.7,Li3.35Ge0.35P0.65S3.3Se0.7,,-2.920818753952376
350,1149,0.98(0.7Li2S-0.3P2S5)- 0.02Li2ZrO3,Li1.412S2.186P0.6Zr0.02O0.06,,-2.913640169325252
351,57,Li6Ge2O7,Li6Ge2O7,14.0,-6.070581074285707
352,1173,0.66(0.33B2S3-0.67Li2S)-0.34LiI,B0.436S1.323Li1.68I0.34,,-3.282329496997738
353,1104,0.55Li2S-0.25Li2O-0.2P2S5,Li1.6O0.25P0.4S1.55,,-3.9507819773298185
354,1121,0.55Li2S-0.2Li2O-0.25P2S5,Li1.5O0.2P0.5S1.8,,-4.151195298948196
355,83,Li3.4Si0.4P0.6S4,Li3.4Si0.4P0.6S4,11.0,-2.914205072641421
356,874,0.3 LiBr-0.3 SiS2-0.35 Li2S,Br0.3LiS0.95Si0.3,,-3.494850021680094
357,224,Li9.54Si1.74P1.44S11.7Cl0.3,Li9.54Si1.74P1.44S11.7Cl0.3,137.0,-1.596879478824182
358,70,Li10.2(Sn0.2Si0.8)1.2P1.8S12,Li10.2Sn0.24Si0.96P1.8S12,137.0,-2.338520483468872
359,782,0.58(Li2O) 0.42(P2O5),Li1.16P0.84O2.68,,-7.698970004336019
360,732,Li2ZnGeS4,Li2ZnGeS4,,-8.853871964321762
361,836,Li2OHBr0.95F0.05,Li2OHBr0.95F0.05,,-6.170696227168975
362,1234,0.8LiTi2(PO4)3-0.2Li3BO3,Li1.4000000000000001Ti1.6P2.4000000000000004O10.200000000000001B0.2,,-3.527243550682788
363,1161,Li3.2PO3.0N,Li3.2PO3N,,-5.52432881167557
364,820,Li3InBr3Cl3,Li3InBr3Cl3,,-3.9430951486635273
365,932,0.5075Li2O-0.0075Al2O3-0.085TiO2-0.4P2O5,Al0.015Li1.015O2.7P0.8Ti0.085,,-6.600326278518962
366,127,LiI,LiI,225.0,-7.025037020567475
367,1134,0.4Li2S-0.3Li2O-0.3P2S5,Li1.4O0.3P0.6S1.9,,-5.23210238398191
368,1,La0.51Li0.34TiO2.94,La0.51Li0.34TiO2.94,221.0,-3.5774509799928715
369,972,0.6Li2S-0.4P2S3,Li1.2S1.8000000000000003P0.8,,-5.2441251443275085
370,619,Li6.7La3Zr1.7Ta0.3O12,Li6.7La3Zr1.7Ta0.3O12,230.0,-3.017728766960432
371,708,Li6.660La3Zr2O12Al0.258,Li6.66La3Zr2O12Al0.258,230.0,-3.821023052706831
372,684,Li5La3Nb1.8Y0.2O12,Li5La3Nb1.8Y0.2O12,230.0,-5.043351420794797
373,65,Li2.5V2(PO4)3,Li2.5V2P3O12,14.0,-6.721246399047171
374,440,(K0.1Li0.9)(SbO3),K0.1Li0.9SbO3,201.0,-7.866461091629782
375,1158,Li3.7PO3.4N0.7,Li3.7PO3.4N0.7,,-5.627087997029894
376,861,(2Li2S-P2S5),Li4P2S7,,-3.9507819773298185
377,498,Li6P0.53Ge0.47S5I,Li6P0.53Ge0.47S5I,216.0,-2.818156412055228
378,1163,Li1.8PO1.2N1.5,Li1.8PO1.2N1.5,,-5.769551078621726
379,775,Li10(Ge0.8Sn0.2)P2S12,Li10Ge0.8Sn0.2P2S12,,-2.1511952989481964
380,451,Li2VCl4,Li2VCl4,216.0,-5.158015195409886
381,370,Li1.025Y0.025Zr1.975(PO4)3,Li1.025Y0.025Zr1.975P3O12,167.0,-3.892790030352132
382,40,Li3.1P0.9Si0.1O4,Li3.1P0.9Si0.1O4,11.0,-7.126679398184601
383,1343,Li2.2Zn0.1Zr0.9S3,Li2.2Zn0.1Zr0.9S3,,-3.9208187539523753
384,639,Li6(La2Ca)(NbO6)2,Li6La2CaNb2O12,230.0,-5.876148359032914
385,1112,0.1Li2S-0.65Li2O-0.25P2S5,Li1.5O0.65P0.5S1.35,,-4.598599459218456
386,417,Li1.5In0.5Ge1.5(PO4)3,Li1.5In0.5Ge1.5P3O12,167.0,-5.235823867609669
387,585,Li6SrLa2Nb2O12,Li6SrLa2Nb2O12,230.0,-5.376750709602099
388,1159,Li3.5PO3.2N0.8,Li3.5PO3.2N0.8,,-5.586700235918748
389,1323,LiHfTi(PO4)3,LiHfTiP3O12,,-6.249491605148654
390,1120,0.5Li2S-0.25Li2O-0.25P2S5,Li1.5O0.25P0.5S1.75,,-5.0195421077239
391,111,Li14Nd5(Si11N19O5)O2F2,Li14Nd5Si11N19O5O2F2,59.0,-9.769551078621726
392,472,Li6.35P0.65Si0.35S5Br,Li6.35P0.65Si0.35S5Br,216.0,-2.630784142589857
393,382,Li0.86Hf2.035(PO4)3,Li0.86Hf2.035P3O12,167.0,-7.036212172654444
394,71,Li3AlF6,Li3AlF6,15.0,-6.301029995663981
395,592,Li7Ba2LaTa2O12,Li7Ba2LaTa2O12,230.0,-5.522878745280337
396,934,0.515Li2O-0.015Al2O3-0.07TiO2-0.4P2O5,Al0.03Li1.03O2.7P0.8Ti0.07,,-6.903089986991944
397,6,LiV(PO4)F,LiVPO4F,2.0,-6.091514981121351
398,51,0.7Li2S-0.3P2S5,Li1.4S2.2P0.6,,-3.198204962666322
399,761,Li6.5La3Zr1.5Nb0.5O12,Li6.5La3Zr1.5Nb0.5O12,,-3.5257837359237447
400,191,LiPN2,LiPN2,122.0,-6.795880017344075
401,315,Li1.5Ti1.5Sc0.5(PO4)3,Li1.5Ti1.5Sc0.5P3O12,167.0,-4.011441043121384
402,169,Nd0.54Li0.36TiO3,Nd0.54Li0.36TiO3,62.0,-7.465973893943865
403,83,LiGaO2,LiGaO2,33.0,-12.0
404,749,Li6.6La2.6Ce0.4Zr2O12,Li6.6La2.6Ce0.4Zr2O12,,-4.841637507904751
405,233,Li3.475Si0.475P0.525S4,Li3.475Si0.475P0.525S4,137.0,-2.2781893847874533
406,1218,Li3.5V0.5Si0.5O4,Li3.5V0.5Si0.5O4,,-4.920818753952375
407,141,Li4SnSe4,Li4SnSe4,62.0,-4.698970004336019
408,1221,Li3.5As0.5Ti0.5O4,Li3.5As0.5Ti0.5O4,,-4.492144128304169
409,496,Li6P0.74Ge0.26S5I,Li6P0.74Ge0.26S5I,216.0,-3.821023052706831
410,842,Li5(OH)2Cl3,Li5O2H2Cl3,,-6.8297382846050425
411,823,Li1.8Mg1.1Cl4,Li1.8Mg1.1Cl4,,-5.818156412055227
412,1176,0.95(0.29B2S3-0.71Li2S)-0.05LiI,B0.551S1.536Li1.47I0.05,,-3.4294570601181027
413,21,Li3.25Ge0.25P0.75S4,Li3.25Ge0.25P0.75S4,11.0,-2.657577319177794
414,109,Li0.23La0.7TiO3,Li0.23La0.7TiO3,47.0,-3.279014255846261
415,544,Sm0.5Li0.42TiO2.96,Sm0.5Li0.42TiO2.96,221.0,-9.405607449624574
416,90,La0.62Li0.14TiO3,La0.62Li0.14TiO3,47.0,-3.354577730650908
417,282,LiScO2,LiScO2,141.0,-12.0
418,817,Li(In0.62Li1.38)Br3.92,LiIn0.62Li1.38Br3.92,,-5.309803919971486
419,1155,Li2.9PO3.3N0.46,Li2.9PO3.3N0.46,,-5.481486060122113
420,1123,0.65Li2S-0.1Li2O-0.25P2S5,Li1.5O0.1P0.5S1.9,,-3.939302159646388
421,1145,0.7Li2S-0.27P2S5-0.03Li3PO4,Li1.49O0.12P0.5700000000000001S2.05,,-3.356547323513813
422,1141,0.9Li3PS4???10ZnO,Li2.7P0.9S3.6Zn0.1O0.1,,-3.537602002101044
423,1197,0.975(0.61Li2S-0.39SiS2)-0.025Li3PO4,Li1.264S1.375Si0.39P0.025O0.1,,-3.196542884351586
424,670,Li49.6Al1.6La24Zr14.4Ta1.6O96,Li49.6Al1.6La24Zr14.4Ta1.6O96,230.0,-3.211831628858832
425,79,Li3.35Ge0.35P0.65S4,Li3.35Ge0.35P0.65S4,11.0,-2.813893924172969
426,1100,0.35Li2S-0.45Li2O-0.2P2S5,Li1.6O0.45P0.4S1.35,,-4.279014255846261
427,848,Li2.6Zn0.7GeO4,Li2.6Zn0.7GeO4,,-7.2373214362725635
428,1207,0.998LiI-0.002CaI2,Li0.998I1.002Ca0.002,,-6.008773924307505
429,139,Li0.2(Ca0.36Sr0.04)TaO3,Li0.2Ca0.36Sr0.04TaO3,62.0,-8.036212172654444
430,1024,0.95Li6Si2S7-0.05Li6B4S9,Li5.999999999999999Si1.9S7.1B0.2,,-3.309803919971486
431,100,Li5La3Ta2O12,Li5La3Ta2O12,230.0,-4.969703437655658
432,219,La0.62 Li0.14(Mg0.5W0.5)O3,La0.62Li0.14Mg0.5W0.5O3,129.0,-4.920818753952375
433,478,Li6P(S4.9Se0.1)Br,Li6PS4.9Se0.1Br,216.0,-2.494850021680094
434,1278,Li0.5La0.5Ti0.96Zr0.04O3,Li0.5La0.5Ti0.96Zr0.04O3,,-3.543633966870957
435,53,0.825(0.6Li2S-0.4SiS2)- 0.175Li3AlO3,Li1.515S1.295Si0.4Al0.175O0.525,,-3.8929093456680897
436,936,0.53Li2O-0.03Al2O3-0.04TiO2-0.4P2O5,Al0.06Li1.06O2.7P0.8Ti0.04,,-6.565431095965801
437,1294,La0.55Li0.36Ti0.95Ge0.05O3,La0.55Li0.36Ti0.95Ge0.05O3,,-3.4436974992327127
438,1342,Li2ZrS3,Li2ZrS3,,-5.136677139879544
439,827,Li1.72Mn1.14Cl4,Li1.72Mn1.14Cl4,,-5.441291429466834
440,164,Li3.83Sn0.83As0.17S4,Li3.83Sn0.83As0.17S4,62.0,-2.856985199745905
441,543,Li2.99Ba0.005Cl0.5I0.5O,Li2.99Ba0.005Cl0.5I0.5O,221.0,-2.472370099128661
442,831,Li1.94Cl1.03Cl4,Li1.94Cl1.03Cl4,,-5.591760034688151
443,185,(Li0.5Ce0.25Pr0.25)(MoO4),Li0.5Ce0.25Pr0.25MoO4,88.0,-9.0
444,44,Li1.3Sc0.3Ti1.7(PO4)3,Li1.3Sc0.3Ti1.7P3O12,167.0,-3.6297934021972
445,113,Li6La3ZrSbO12,Li6La3ZrSbO12,230.0,-3.5850266520291822
446,24,0.95(0.6Li2S-0.4SiS2)-0.05Li3PO4,Li1.29S1.37Si0.4P0.05O0.2,,-3.261522774852105
447,114,Li6.5O8P1.5Si0.5,Li6.5O8P1.5Si0.5,62.0,-6.347753658996677
448,755,Li2S*P2S5*Li3N,Li5S6P2N,,-2.853871964321762
449,63,(La0.9Sr0.1)LiO2,La0.9Sr0.1LiO2,14.0,-9.201349354554733
450,690,Li7La3Zr1Ga1O12,Li7La3ZrGaO12,230.0,-3.2676062401770314
451,1302,La0.606Li0.06Ti0.94Al0.06O3,La0.606Li0.06Ti0.94Al0.06O3,,-5.774690718274137
452,701,Li6.4La3Zr1.4Ta0.4Nb0.2O12,Li6.4La3Zr1.4Ta0.4Nb0.2O12,230.0,-3.3419886033428874
453,573,(Li0.74Mg0.26)(Li0.40Mg0.04Ti1.56)O4,Li0.74Mg0.26Li0.4Mg0.04Ti1.56O4,227.0,-8.821023052706831
454,109,Li6.8La3Zr1.8Sb0.2O12,Li6.8La3Zr1.8Sb0.2O12,230.0,-4.229147988357856
455,298,LiNaSO4,LiNaSO4,159.0,-9.05551732784983
456,28,0.6(Li2S) 0.4(GeS2),Li1.2S1.4Ge0.4,,-4.036212172654444
457,55,Li1.5Cr0.5Ti1.5(PO4)3,Li1.5Cr0.5Ti1.5P3O12,167.0,-3.558373752533357
458,1305,La0.466Li0.2Ti0.8Al0.2O3,La0.466Li0.2Ti0.8Al0.2O3,,-4.368556230986828
459,1203,0.95(0.65Li2S-0.35SiS2)-0.05Li3PO4,Li1.385S1.317Si0.35P0.05O0.2,,-3.742321425130816
460,48,Li1.4Al0.4Ge1.6(PO4)3,Li1.4Al0.4Ge1.6P3O12,167.0,-3.612391444259284
461,1208,0.99LiI-0.01CaI2,Li0.99I1.01Ca0.01,,-5.2564902352715706
462,1310,Li0.24La0.59TiO3,Li0.24La0.59TiO3,,-3.003050751504619
463,780,Li10(Ge0.2Sn0.8)P2S12,Li10Ge0.2Sn0.8P2S12,,-2.321481620959886
464,626,Li6.2La3Zr1.6Mo0.4O12,Li6.2La3Zr1.6Mo0.4O12,230.0,-3.4685210829577446
465,520,Li4B7O12Cl,Li4B7O12Cl,219.0,-4.619788758288394
466,63,0.7(0.6Li2S-0.4SiS2)- 0.3Li3PO4,Li1.74S1.22Si0.4P0.3O1.2,,-4.681936665037238
467,435,Li3P,Li3P,194.0,-3.153044674980176
468,1189,0.99(0.6Li2S-0.4SiS2)-0.01Li3PO4,Li1.218S1.394Si0.4P0.01O0.04,,-3.596879478824182
469,275,Li9.2Ba0.4GeP2S12,Li9.2Ba0.4GeP2S12,137.0,-3.500312917381596
470,1196,0.98(0.61Li2S-0.39SiS2)-0.02Li3PO4,Li1.256S1.378Si0.39P0.02O0.08,,-3.114073660198569
471,811,Li6.10La3Zr2Ga0.25O12,Li6.1La3Zr2Ga0.25O12,,-4.154901959985743
472,640,Li6(La2Sr)(NbO6)2,Li6La2SrNb2O12,230.0,-5.432973633840939
473,500,Li6P0.31Ge0.69S5I,Li6P0.31Ge0.69S5I,216.0,-2.2873502983727887
474,452,Li6PS5Cl0.25Br0.75,Li6PS5Cl0.25Br0.75,216.0,-2.7304870557820835
475,1177,0.875(0.29B2S3-0.71Li2S)-0.125LiI,B0.507S1.471Li1.545I0.125,,-3.202732459169284
476,237,Li3.335Sn0.33P0.67S4,Li3.335Sn0.33P0.67S4,137.0,-2.4282911681913126
477,850,Li7La2.75Ca0.25Zr1.75Nb0.25O12,Li7La2.75Ca0.25Zr1.75Nb0.25O12,,-3.657577319177794
478,122,Li4.8Si0.2Al0.8S4,Li4.8Si0.2Al0.8S4,62.0,-6.647817481888637
479,1167,0.69(0.45B2S3-0.55Li2S)-0.31LiI,B0.621S1.482Li1.41I0.31,,-3.1203307943679466
480,225,Li10GeP2S11.7O0.3,Li10GeP2S11.7O0.3,137.0,-1.9393021596463884
481,21,0.95(0.6Li2S-0.4SiS2)-0.05Li3BO3,Li1.29S1.37Si0.4B0.05O0.15,,-2.847754736113256
482,986,0.75(0.2Li2O-0.8Li2S)-0.25P2S5,Li1.9O0.15S2.05P0.5,,-3.7878123955960414
483,448,(Li0.61Mg0.39)(Li0.46Mg0.005Ti0.035)Ti1.5O4,Li0.61Mg0.39Li0.46Mg0.005Ti0.035Ti1.5O4,212.0,-9.18309616062434
484,283,LiAlO2,LiAlO2,141.0,-11.958607314841776
485,101,(Ag0.67Li0.33)0.27La0.57TiO3,Ag0.18090000000000003Li0.08910000000000001La0.57TiO3,47.0,-6.698970004336019
486,484,Li6P(S4.3Se0.7)Br,Li6PS4.3Se0.7Br,216.0,-2.5214335044061564
487,597,Li6.25La3Zr2Ga0.25O12,Li6.25La3Zr2Ga0.25O12,230.0,-3.4559319556497243
488,859,0.5 Li2S * 0.5 SiS2,LiSi0.5S1.5,,-4.0
489,785,0.66(Li2O) 0.34(P2O5),Li1.32P0.68O2.3600000000000003,,-6.638272163982407
490,1088,Li3.20Ge0.20P0.8S3.6Se0.4,Li3.2Ge0.2P0.8S3.6Se0.4,,-2.96657624451305
491,766,Li10(Ge0.95Si0.05)P2S12,Li10Ge0.95Si0.05P2S12,,-2.0639892042847903
492,115,Li3.4Si0.7S0.3O4,Li3.4Si0.7S0.3O4,62.0,-6.375717904164332
493,1293,La0.55Li0.36Ti0.95Mn0.05O3,La0.55Li0.36Ti0.95Mn0.05O3,,-3.721246399047171
494,550,La0.52Li0.42TiO3,La0.52Li0.42TiO3,221.0,-3.142064735280571
495,1106,0.65Li2S-0.15Li2O-0.2P2S5,Li1.6O0.15P0.4S1.65,,-3.946921556516581
496,142,Li(BH4),LiBH4,62.0,-8.0
497,413,Li1.3Fe0.3Ge1.7(PO4)3,Li1.3Fe0.3Ge1.7P3O12,167.0,-4.52432881167557
498,656,Li5.4La3Nb1.8Y0.2O12,Li5.4La3Nb1.8Y0.2O12,230.0,-4.17134010346468
499,264,Li9.9Sn0.9P2.1S12,Li9.9Sn0.9P2.1S12,137.0,-2.436518914605589
500,84,LiB6O9F,LiB6O9F,33.0,-12.0
501,1152,Li3.6(Si0.19P0.82)O4.2,Li3.6Si0.19P0.82O4.2,,-6.698970004336019
502,764,Li7La3Hf2O12,Li7La3Hf2O12,,-3.619788758288394
503,194,Li0.33La0.5TiO3,Li0.33La0.5TiO3,123.0,-3.0
504,768,Li10(Ge0.8Si0.2)P2S12,Li10Ge0.8Si0.2P2S12,,-2.137868620686963
505,64,La(Li0.76Mg0.08)O2,LaLi0.76Mg0.08O2,14.0,-9.138465589140962
506,409,Li1.5Cr0.5Ge1.5(PO4)3,Li1.5Cr0.5Ge1.5P3O12,167.0,-3.9172146296835497
507,1235,0.7LiTi2(PO4)3-0.3Li3BO3,Li1.5999999999999999Ti1.4P2.0999999999999996O9.299999999999999B0.3,,-3.6108339156354674
508,654,Li6La3Nb1.5Y0.5O12,Li6La3Nb1.5Y0.5O12,230.0,-3.72584215073632
509,73,LiTa2PO8,LiTa2PO8,15.0,-2.795880017344075
510,288,Li7La3HfO12,Li7La3HfO12,142.0,-6.006563769502388
511,871,0.1 LiBr-0.45 SiS2-0.45 Li2S,Br0.1LiS1.35Si0.45,,-3.721246399047171
512,100,(Ag0.5Li0.5)0.27La0.57TiO3,Ag0.135Li0.135La0.57TiO3,47.0,-4.638272163982407
513,512,Li6.45P0.55Ge0.45S5I,Li6.45P0.55Ge0.45S5I,216.0,-3.4377071355435254
514,1136,0.5Li2S-0.2Li2O-0.3P2S5,Li1.4O0.2P0.6S2,,-5.079354998593212
515,857,0.3 Li2S * 0.7 SiS2,Li0.6Si0.7S1.7,,-5.795880017344075
516,747,Li3OCl,Li3OCl,,-3.832682665251824
517,929,0.5Li2O-0.1TiO2-0.4P2O5,LiO2.7P0.8Ti0.1,,-7.246416941107094
518,130,0.5Li2S-0.5SiS2,LiS1.5Si0.5,,-5.060050837834995
519,311,Li1.1Ti1.9Sc0.1(PO4)3,Li1.1Ti1.9Sc0.1P3O12,167.0,-3.4100503986742923
520,1295,La0.55Li0.36Ti0.95Ru0.05O3,La0.55Li0.36Ti0.95Ru0.05O3,,-4.2839966563652006
521,533,(La0.6Li0.4)(Ti0.8Al0.2)O3,La0.6Li0.4Ti0.8Al0.2O3,221.0,-3.245651664288981
522,728,Li3.9Zn0.05GeS4,Li3.9Zn0.05GeS4,,-6.565431095965801
523,8,Li3BP2O8,Li3BP2O8,2.0,-11.017728766960431
524,438,Li6BaLa2Nb2O12,Li6BaLa2Nb2O12,199.0,-5.221848749616356
525,821,Li3InBr2.5Cl3.5,Li3InBr2.5Cl3.5,,-5.443697499232713
526,518,Li7PN4,Li7PN4,218.0,-6.795880017344075
527,43,Li3.7P0.3Si0.7O4,Li3.7P0.3Si0.7O4,11.0,-6.4156687756324695
528,1200,0.9(0.61Li2S-0.39SiS2)-0.1Li3PO4,Li1.398S1.329Si0.39P0.1O0.4,,-3.892790030352132
529,10,Li0.24La0.65TiO3,Li0.24La0.65TiO3,47.0,-3.1289561245337127
530,96,Li4P2S6,Li4P2S6,162.0,-8.20965153014378
531,113,Li2SiN2,Li2SiN2,61.0,-6.795880017344075
532,976,0.75Li2S-0.25P2S3,Li1.5S1.5P0.5,,-4.294136287716081
533,657,Li5.5La3Nb1.75Y0.25O12,Li5.5La3Nb1.75Y0.25O12,230.0,-4.037157318798758
534,1090,Li3.1Ge0.1P0.9S3.8Se0.2,Li3.1Ge0.1P0.9S3.8Se0.2,,-2.9469215565165805
535,1002,0.95(0.67Li2-0.33SiS2)-0.05(0.67Li2O-0.33P2O5),Li1.34Si0.33S0.66O1.684P0.66,,-3.701146923590293
536,1154,Li3.3PO3.8N0.22,Li3.3PO3.8N0.22,,-5.619788758288394
537,629,Li6.5La3Zr1.75Te0.25O12,Li6.5La3Zr1.75Te0.25O12,230.0,-2.9913998282380825
538,1275,Li0.5La0.5Ti0.94Sn0.06O3,Li0.5La0.5Ti0.94Sn0.06O3,,-3.453457336521869
539,591,Li6.75Ba1.75La1.25Ta2O12,Li6.75Ba1.75La1.25Ta2O12,230.0,-4.903089986991944
540,1265,La0.6Li0.16TiO3.01,La0.6Li0.16TiO3.01,,-3.2006594505464183
541,300,Li2.667Mg0.667P2S6,Li2.667Mg0.667P2S6,162.0,-5.3979400086720375
542,75,Li10GeP2S12,Li10GeP2S12,137.0,-2.118558446946293
543,878,0.9(SiS2-Li2S)-0.1LiCl,Si0.9S2.8Li2.1Cl0.1,,-3.735182176990464
544,77,Li3.2Ge0.2P0.8S4,Li3.2Ge0.2P0.8S4,11.0,-3.2549259108517976
545,177,LiBiO2,LiBiO2,72.0,-7.42021640338319
546,1335,LiTi2(PO4)3-0.5LiF,Li1.5Ti2P3O12F0.5,,-3.6345120151091
547,36,Li3.5Si0.5P0.5S4,Li3.5Si0.5P0.5S4,11.0,-3.7931741239681513
548,566,Li6NI3,Li6NI3,225.0,-5.431798275933005
549,1272,Li0.5La0.5TiO3,Li0.5La0.5TiO3,,-3.0619809025237896
550,511,Li6.4P0.6Ge0.4S5I,Li6.4P0.6Ge0.4S5I,216.0,-3.600326278518962
551,652,Nd3Zr2Al0.5Li5.5O12,Nd3Zr2Al0.5Li5.5O12,230.0,-4.4089353929735005
552,1001,0.95(0.65Li2-0.35SiS2)-0.05(0.65Li2O-0.35P2O5),Li1.3Si0.35S0.7O1.782P0.7,,-3.272458742971444
553,499,Li6P0.48Ge0.52S5I,Li6P0.48Ge0.52S5I,216.0,-2.7375489102695707
554,166,Li3.82Sn0.82As0.18S4,Li3.82Sn0.82As0.18S4,62.0,-3.54821356447571
555,998,0.95(0.58Li2-0.42SiS2)-0.05(0.58Li2O-0.42P2O5),Li1.16Si0.42S0.84O2.129P0.84,,-2.9746941347352296
556,359,Li(Ti1.4Sn0.6)(PO4)3,LiTi1.4Sn0.6P3O12,167.0,-4.642065152999546
557,858,0.4 Li2S * 0.6 SiS2,Li0.8Si0.6S1.6,,-4.552841968657781
558,42,Li3.9P0.1Si0.9O4,Li3.9P0.1Si0.9O4,11.0,-7.701146923590294
559,1281,Li0.5La0.5Ti0.998Mn0.002O3,Li0.5La0.5Ti0.998Mn0.002O3,,-3.040005161671584
560,235,Li3.425Si0.425P0.575S4,Li3.425Si0.425P0.575S4,137.0,-2.2479515521805613
561,92,Li0.4Na0.1La0.5Nb2O6,Li0.4Na0.1La0.5Nb2O6,47.0,-5.0034883278458215
562,685,Li5La3Nb1.75Y0.25O12,Li5La3Nb1.75Y0.25O12,230.0,-5.025949097207123
563,331,Li1.2Cr0.2Ti1.8(PO4)3,Li1.2Cr0.2Ti1.8P3O12,167.0,-4.739928612014925
564,155,Li2.633Er0.633Zr0.367Cl6,Li2.633Er0.633Zr0.367Cl6,62.0,-2.958607314841775
565,1028,0.75Li6Si2S7-0.25Li6B4S9,Li6Si1.5S7.5B,,-3.2992962828549808
566,975,0.7Li2S-0.3P2S3,Li1.4S1.5999999999999999P0.6,,-4.102372908709558
567,810,Li6.40La3Zr2Ga0.2O12,Li6.4La3Zr2Ga0.2O12,,-3.0457574905606752
568,1214,0.4LiI-0.6Al2O3,Li0.4I0.4Al1.2O1.7999999999999998,,-5.1700533040583645
569,1005,0.8(0.65Li2-0.35SiS2)-0.2(0.65Li2O-0.35P2O5),Li1.3Si0.35S0.7O1.88P0.7,,-4.283162276700476
570,442,Li8SiP4,Li8SiP4,205.0,-4.346787486224656
571,217,La0.65Li0.05(Mg0.5W0.5)O3,La0.65Li0.05Mg0.5W0.5O3,129.0,-6.7447274948966935
572,795,Li2O-P2O5,Li2O6P2,,-8.958607314841775
573,700,Li6.4La3Zr1.4Ta0.5Nb0.1O12,Li6.4La3Zr1.4Ta0.5Nb0.1O12,230.0,-3.3526170298853804
574,1269,(La0.5Li0.5)0.75Sr0.25TiO3,La0.375Li0.375Sr0.25TiO3,,-4.046240308266771
575,46,Li0.6[Li0.2Sn0.8S2],Li0.6Li0.2Sn0.8S2,12.0,-3.9208187539523753
576,383,Li1.7Al0.3Ti1.6(PO4)3,Li1.7Al0.3Ti1.6P3O12,167.0,-4.301029995663981
577,195,Li0.27La0.57TiO3,Li0.27La0.57TiO3,123.0,-3.4685210829577446
578,126,LiHf2(PO4)3,LiHf2P3O12,167.0,-6.007093729209787
579,872,0.2 LiBr-0.4 SiS2-0.4 Li2S,Br0.2LiS1.2Si0.4,,-3.677780705266081
580,1004,0.8(0.6Li2-0.4SiS2)-0.2(0.6Li2O-0.4P2O5),Li1.2Si0.4S0.8O2.12P0.8,,-4.114073660198569
581,22,0.95(0.6Li2S-0.4SiS2)-0.05Li3GaO3,Li1.29S1.37Si0.4Ga0.05O0.15,,-3.4808886808156405
582,748,Li3OCl0.5Br0.5,Li3OCl0.5Br0.5,,-3.022733787572707
583,826,Li1.9Mn1.05Cl4,Li1.9Mn1.05Cl4,,-5.336299074610352
584,1187,0.9(0.5Li2S-0.5SiS2)-0.1Li3PO4,Li1.2S1.45Si0.5P0.1O0.4,,-4.170053304058364
585,513,Li6.5P0.5Ge0.5S5I,Li6.5P0.5Ge0.5S5I,216.0,-3.266000713461613
586,935,0.525Li2O-0.025Al2O3-0.05TiO2-0.4P2O5,Al0.05Li1.05O2.7P0.8Ti0.05,,-6.663540266151471
587,356,Li1.5Fe0.5Ti1.5(PO4)3,Li1.5Fe0.5Ti1.5P3O12,167.0,-3.7594507517174
588,25,Li1.2Al0.2Ge1.8(PO4)3,Li1.2Al0.2Ge1.8P3O12,167.0,-4.519795532537621
589,98,Li0.02Na0.48La0.5Nb2O6,Li0.02Na0.48La0.5Nb2O6,47.0,-5.399027104313252
590,64,0.8(0.6Li2S-0.4SiS2)- 0.2Li4SiO4,Li1.76S1.28Si0.6O0.8,,-3.793207635637796
591,15,0.3LiI-0.7(0.6Li2S-0.4SiS2),Li1.14I0.3S1.22Si0.4,,-3.2854437620939034
592,508,Li6.25P0.75Sn0.25S5I,Li6.25P0.75Sn0.25S5I,216.0,-3.5346171485515816
593,1166,0.815(0.45B2S3-0.55Li2S)-0.185LiI,B0.733S1.65Li1.285I0.185,,-3.511449283499556
594,758,Li6.88La3Zr1.88Nb0.12O12,Li6.88La3Zr1.88Nb0.12O12,,-3.2225731776106885
595,306,Li4.4Al0.4Sn0.6S4,Li4.4Al0.4Sn0.6S4,164.0,-5.443697499232713
596,1098,0.25Li2S-0.55Li2O-0.2P2S5,Li1.6O0.55P0.4S1.25,,-4.42021640338319
597,26,Li1.2Al0.2Ti1.8(PO4)3,Li1.2Al0.2Ti1.8P3O12,167.0,-2.848283166996897
598,687,Li7La3Zr1.7Ga0.3O12,Li7La3Zr1.7Ga0.3O12,230.0,-4.42021640338319
599,43,Li1.3Al0.3Ti1.7(PO4)3,Li1.3Al0.3Ti1.7P3O12,167.0,-3.680131973374624
600,1027,0.875Li6Si2S7-0.125Li6B4S9,Li6Si1.75S7.25B0.5,,-3.356547323513813
601,648,Li7La3Zr1.9222Al0.0778O12,Li7La3Zr1.9222Al0.0778O12,230.0,-3.801342913045578
602,488,Li6PO5Cl,Li6PO5Cl,216.0,-9.25649023527157
603,71,Li10.35Ge1.35P1.65S12,Li10.35Ge1.35P1.65S12,137.0,-1.8462091976246853
604,623,Li6.8La3Zr1.9Mo0.1O12,Li6.8La3Zr1.9Mo0.1O12,230.0,-4.096910013008056
605,494,Li6P0.85Ge0.15S5I,Li6P0.85Ge0.15S5I,216.0,-4.399027104313252
606,800,0.7Li2O-0.3P2O5,Li1.4O2.2P0.6,,-6.522878745280337
607,178,Li2.5Zn0.25PS4,Li2.5Zn0.25PS4,82.0,-3.0757207139381184
608,263,Li9.87Sn0.87P2.13S12,Li9.87Sn0.87P2.13S12,137.0,-2.364516253185088
609,1179,0.64(0.29B2S3-0.71Li2S)-0.36LiI,B0.371S1.267Li1.78I0.36,,-3.0915149811213505
610,595,Li7La3Zr1.89Al0.15O12,Li7La3Zr1.89Al0.15O12,230.0,-3.4685210829577446
611,1107,0.7Li2S-0.1Li2O-0.2P2S5,Li1.5999999999999999O0.1P0.4S1.7,,-3.962573502059376
612,272,Li9.8Ba0.1GeP2S12,Li9.8Ba0.1GeP2S12,137.0,-3.251037138743839
613,7,La0.58Li0.27TiO3,La0.58Li0.27TiO3,123.0,-3.1512249256599825
614,9,Li2NaBP2O8,Li2NaBP2O8,2.0,-12.0
615,86,Li3.6Si0.6P0.4S4,Li3.6Si0.6P0.4S4,11.0,-4.145700754443675
616,1146,0.7Li2S-0.25P2S5-0.05Li3PO4,Li1.5499999999999998O0.2P0.55S1.95,,-3.5734887386354246
617,521,Fe0.16La2.95Li5.68Zr2O12,Fe0.16La2.95Li5.68Zr2O12,220.0,-3.0291883891274822
618,978,0.555Li2S-0.4SiS2-0.045Li3N,Li1.245N0.045S1.355Si0.4,,-2.8239087409443187
619,118,Li6.6SiPO8,Li6.6SiPO8,62.0,-6.8297382846050425
620,676,Li5.70La3Ta1.65Sm0.35O12,Li5.7La3Ta1.65Sm0.35O12,230.0,-4.667561540084395
621,649,Li7La3Zr1.8599Al0.1401O12,Li7La3Zr1.8599Al0.1401O12,230.0,-3.494850021680094
622,1216,Li3.5P0.5Ge0.5O4,Li3.5P0.5Ge0.5O4,,-5.102922996790579
623,829,Li1.52Mn1.24Cl4,Li1.52Mn1.24Cl4,,-4.732828271596986
624,534,(La0.65Li0.35)(Ti0.7Al0.3)O3,La0.65Li0.35Ti0.7Al0.3O3,221.0,-3.7931741239681513
625,165,Li3.825Sn0.825As0.175S4,Li3.825Sn0.825As0.175S4,62.0,-3.285670240254767
626,1194,0.99(0.61Li2S-0.39SiS2)-0.01Li3PO4,Li1.238S1.384Si0.39P0.01O0.04,,-3.2967086218813386
627,510,Li6.5P0.5Sn0.5S5I,Li6.5P0.5Sn0.5S5I,216.0,-3.628932137728264
628,1201,0.99(0.65Li2S-0.35SiS2)-0.01Li3PO4,Li1.317S1.343Si0.35P0.01O0.04,,-3.4436974992327127
629,341,Li1.2Fe0.2Ti1.8(PO4)3,Li1.2Fe0.2Ti1.8P3O12,167.0,-3.744727494896694
630,167,Li3.8Sn0.8As0.2S4,Li3.8Sn0.8As0.2S4,62.0,-3.9746941347352296
631,192,La0.565Li0.305TiO3,La0.565Li0.305TiO3,123.0,-3.0190880622231564
632,75,Li3Na5(TiS4)2,Li3Na5Ti2S8,15.0,-5.055517327849832
633,203,Li0.39La0.59TiO3,Li0.39La0.59TiO3,123.0,-3.0540392964224314
634,395,Li1.4Al0.4Ti0.6(PO4)3,Li1.4Al0.4Ti0.6P3O12,167.0,-2.4814860601221125
635,553,La0.51Sr0.15Li0.15TiO3,La0.51Sr0.15Li0.15TiO3,221.0,-4.275724130399211
636,973,0.63Li2S-0.37P2S3,Li1.26S1.7399999999999998P0.74,,-4.5934598195660445
637,681,Li5La3Nb1.95Y0.05O12,Li5La3Nb1.95Y0.05O12,230.0,-4.87942606879415
638,1289,Li0.5La0.5Ti0.992Ge0.008O3,Li0.5La0.5Ti0.992Ge0.008O3,,-2.9469215565165805
639,129,0.5(Li2S) 0.5(GeS2),LiS1.5Ge0.5,,-4.453637376305421
640,1277,Li0.5La0.5Ti0.98Zr0.02O3,Li0.5La0.5Ti0.98Zr0.02O3,,-3.380906669373257
641,1128,0.1Li2S-0.6Li2O-0.3P2S5,Li1.4O0.6P0.6S1.6,,-7.109020403010312
642,784,0.63(Li2O) 0.37(P2O5),Li1.26P0.74O2.48,,-6.886056647693163
643,881,0.7(SiS2-Li2S)-0.3LiCl,Si0.7S2.4Li2.3Cl0.3,,-3.632644078973981
644,1190,0.97(0.6Li2S-0.4SiS2)-0.03Li3PO4,Li1.254S1.382Si0.4P0.03O0.12,,-3.401209493236885
645,994,0.65Li2-0.35SiS2,Li1.3Si0.35S0.7,,-3.130181792020672
646,72,Li10.35Si1.35P1.65S12,Li10.35Si1.35P1.65S12,137.0,-2.1811550904407992
647,1195,0.985(0.61Li2S-0.39SiS2)-0.015Li3PO4,Li1.247S1.381Si0.39P0.015O0.06,,-3.2247537402597635
648,147,Pr0.53Li0.41TiO3,Pr0.53Li0.41TiO3,62.0,-7.075720713938118
649,37,0.95(0.6Li2S-0.4SiS2)- 0.05Li4SiO4,Li1.34S1.37Si0.45O0.2,,-2.811615081638648
