Element,"Atomic 
weight","Atomic 
number",Period,Group,"quantum 
number l","Metal(1)/
metalloid(2)/
nonmetal(3)",Mendeleev number,Families,"valence
s","valence
p","valence
d","valence
f","unfilled
s","unfilled
p","unfilled
d","unfilled
f","no. of 
valence 
electrons","outer
shell
electrons","Gilman no.
of valence
electrons","Pauling valence, 
v","Metallic 
valence",Zeff,"1st Bohr
radius (a0)","Ionization
energy (eV)","Electron 
affinity (ev)","Pearson
absolute (eV)","Ghosh
Gupta (eV)","Pauling 
EN","Martynov 
Batsanov EN","Mulliken
EN","Allred
EN","Allred
Rockow EN","Nagle
EN","Putz
Russo
Sicillia
EN","Gordy
EN","Ghosh
EN","Atomic
radius calculated","Covalent
radius","Ionic
radius","Effective 
ionic radius","Miracle
radius","van der Waals
radius","Zunger
radii sum","Crystal
radius","Covalent CSD
radius","Slater
radius","Orbital 
radius","Pauling, 
R(CN12)","Pauling, 
R(1)","polarizability,
 A^3","Melting point,
K","Boiling point,
K","Density, 
g/mL","Specific heat,
J/g K","Heat of fusion, 
kJ/mol","Heat of vaporization, 
kJ/mol","Heat of atomization, 
kJ/mol","Thermal conductivity,
W/m K","Thermal expansion, 
K^-1","Cohesive 
energy","Bulk modulus,
GPa","Sheer modulus,
GPa","Young modulus,
GPa","Hardness Vickers,
GPa","Hardness Brinell,
GPa",Resistivity (m§Ù),"Electrical Conductivity 
(S/m)","DFT
LDA
Etot","DFT
LDA
Ekin","DFT
LDA
Ecoul","DFT
LDA
Eenuc","DFT
LDA
Exc","DFT
LSD
Etot","DFT
LSD
Ekin","DFT
LSD
Ecoul","DFT
LSD
Eenuc","DFT
LSD
Exc","DFT
RLDA
Etot","DFT
RLDA
Ekin","DFT
RLDA
Ecoul","DFT
RLDA
Eenuc","DFT
RLDA
Exc","DFT
ScRLDA
Etot","DFT
ScRLDA
Ekin","DFT
ScRLDA
Ecoul","DFT
ScRLDA
Eenuc","DFT
ScRLDA
Exc","Neutron 
Cross 
Section ","Neutron 
Mass 
Absorption","no. of Known 
Isotopes","no. of Stable 
Isotopes","fraction of stable 
isotopes ","fraction abundance of stable 
isotopes ","Abundance in Earth's 
crust","Abundance 
in solar system 
(log)",HHI production,HHI reserve,"cost, 
pure
($/100g)"
H,1.008,1.0,1.0,1.0,0.0,3.0,92.0,7.0,1.0,0.0,0.0,0.0,1.0,6.0,10.0,14.0,1.0,1.0,1.0,0.0,0.0,1.0,0.529,13.598,0.757,7.18,7.186,2.2,2.1,7.18,2.2,2.3,2.27,0.0,2.13,8.22,0.53,0.37,0.11,0.1,0.51,1.2,1.25,0.1,0.31,0.25,0.529,0.0,0.0,0.7,14.05,20.25,0.0899,14.304,0.5868,0.44936,218.0,0.1815,0.0,0.0,0.2,0.0,0.0,0.0,0.0,0.0,0.0,-0.445671,0.425027,0.282827,-0.920999,-0.232525,-0.478671,0.466643,0.298377,-0.965619,-0.278072,-0.445668,0.42502,0.282824,-0.920997,-0.232516,-0.445668,0.42502,0.282824,-0.920996,-0.232515,0.332,0.011,7.0,2.0,0.285714286,1.0,0.001429285,0.90985095,0.0,0.0,12.0
He,4.003,2.0,1.0,18.0,0.0,3.0,98.0,9.0,2.0,0.0,0.0,0.0,0.0,6.0,10.0,14.0,2.0,2.0,2.0,0.0,0.0,1.344,0.394,24.587,-0.518,0.0,12.057,0.0,0.0,0.0,0.0,4.16,3.92,0.0,0.0,40.4,0.31,0.32,0.58,0.56,1.19,1.4,1.69,0.57,0.28,0.31,0.291,0.0,0.0,0.198,0.95,4.25,0.1785,5.193,0.02,0.0845,0.0,0.152,0.0,0.0,0.0,0.0,0.0,0.0,0.0,0.0,0.0,-2.834836,2.767922,1.99612,-6.625564,-0.973314,-2.834836,2.767922,1.99612,-6.625564,-0.973314,-2.834785,2.767773,1.996036,-6.625496,-0.973098,-2.834785,2.767751,1.99603,-6.625471,-0.973096,0.007,1e-05,9.0,2.0,0.222222222,1.0,8.16734e-09,0.088702315,0.0,0.0,5.2
Li,6.941,3.0,2.0,1.0,0.0,1.0,1.0,1.0,1.0,0.0,0.0,0.0,1.0,6.0,10.0,14.0,1.0,1.0,1.0,1.0,1.0,1.259,1.681,5.392,0.622,3.01,2.444,0.98,0.9,3.01,0.98,0.912,0.94,3.02,0.95,1.13,1.67,1.34,0.9,0.76,1.52,1.82,1.61,0.9,1.28,1.45,1.586,1.549,1.225,24.3,453.65,1615.15,0.535,3.6,3.0,145.92,161.0,84.7,4.6e-05,1.63,11.6,4.2,4.9,0.0,0.005,9.4e-08,11000000.0,-7.335195,7.237484,3.990755,-16.911041,-1.652393,-7.343957,7.249892,4.009258,-16.937918,-1.665189,-7.335231,7.237592,3.99073,-16.911917,-1.651635,-7.335231,7.237481,3.990704,-16.911792,-1.651624,71.0,0.0,10.0,2.0,0.2,1.0,2.04184e-05,1.8621e-09,2850.0,4180.0,27.0
Be,9.012,4.0,2.0,2.0,0.0,1.0,67.0,2.0,2.0,0.0,0.0,0.0,0.0,6.0,10.0,14.0,2.0,2.0,2.0,2.0,2.0,1.656,1.278,9.323,-0.519,4.9,3.706,1.57,1.45,4.9,1.57,1.576,1.55,3.4,1.45,3.81,1.12,0.9,0.59,0.45,1.12,1.53,1.08,0.41,0.96,1.05,1.04,1.123,0.889,5.6,1551.15,3243.15,1.85,1.82,7.95,292.4,324.0,200.0,1.13e-05,3.32,110.0,132.0,287.0,1.67,0.6,4e-08,25000000.0,-14.447209,14.309424,7.115257,-33.357034,-2.514856,-14.447209,14.309424,7.115257,-33.357034,-2.514856,-14.447997,14.311787,7.115741,-33.362526,-2.512998,-14.447997,14.311376,7.115647,-33.362056,-2.512964,0.0092,3e-05,12.0,1.0,0.083333333,1.0,2.85857e-06,2.38061e-11,8074.0,4000.0,530.0
B,10.811,5.0,2.0,13.0,1.0,2.0,72.0,6.0,2.0,1.0,0.0,0.0,0.0,5.0,10.0,14.0,3.0,3.0,3.0,3.0,3.0,1.561,1.355,8.298,0.28,4.29,4.969,2.04,1.9,4.29,2.04,2.051,2.02,5.66,1.9,9.04,0.87,0.82,0.41,0.27,0.78,1.8,0.8,0.25,0.84,0.85,0.776,0.98,0.8,3.0,2352.15,4275.0,2.34,1.02,50.2,489.7,573.0,27.0,6e-06,5.81,178.0,0.0,0.0,49.0,0.0,10000.0,0.0001,-24.344198,24.161047,11.503002,-56.484587,-3.52366,-24.353614,24.172451,11.528234,-56.51674,-3.537559,-24.347331,24.170449,11.50476,-56.502555,-3.519985,-24.347331,24.169382,11.504547,-56.501346,-3.519913,760.0,2.4,14.0,2.0,0.142857143,1.0,1.02092e-05,6.91356e-10,2929.0,1980.0,250.0
C,12.011,6.0,2.0,14.0,1.0,3.0,77.0,7.0,2.0,2.0,0.0,0.0,0.0,4.0,10.0,14.0,4.0,4.0,4.0,4.0,4.0,1.819,1.163,11.26,1.265,6.27,6.234,2.55,2.37,6.27,2.55,2.544,2.55,8.58,2.55,17.6,0.67,0.77,0.4,0.16,0.77,1.7,0.64,0.29,0.76,0.7,0.62,0.914,0.771,1.8,3640.15,5100.15,2.25,0.71,105.0,355.8,717.0,129.0,7.1e-06,7.37,443.0,0.0,0.0,0.0,0.0,1e-05,100000.0,-37.425749,37.190391,17.627997,-87.515412,-4.728724,-37.470031,37.242662,17.722784,-87.646436,-4.789041,-37.434171,37.215681,17.632308,-87.559852,-4.722308,-37.43417,37.213317,17.631889,-87.557199,-4.722177,0.0035,1.5e-05,15.0,2.0,0.133333333,1.0,0.000204184,0.000329373,500.0,500.0,2.4
N,14.007,7.0,2.0,15.0,1.0,3.0,82.0,7.0,2.0,3.0,0.0,0.0,0.0,3.0,10.0,14.0,5.0,5.0,5.0,3.0,3.0,2.068,1.023,14.534,-0.001,7.3,7.496,3.04,2.85,7.3,3.04,3.066,3.12,9.77,2.98,30.5,0.56,0.75,1.32,1.46,0.72,1.55,0.54,0.3,0.71,0.65,0.521,0.88,0.7,1.1,63.25,77.35,0.00125,1.04,0.3604,2.7928,473.0,0.02598,0.0,4.92,1.2,0.0,0.0,0.0,0.0,0.0,0.0,-54.025016,53.731727,25.799845,-127.416229,-6.140359,-54.136799,53.861177,26.005085,-127.71784,-6.285222,-54.043484,53.787205,25.808674,-127.509302,-6.13006,-54.043482,53.782518,25.807921,-127.504081,-6.12984,1.91,0.0048,16.0,2.0,0.125,1.0,1.93974e-05,0.000102073,1329.0,500.0,0.4
O,15.999,8.0,2.0,16.0,1.0,3.0,87.0,7.0,2.0,4.0,0.0,0.0,0.0,2.0,10.0,14.0,6.0,6.0,6.0,2.0,0.0,2.001,1.058,13.618,1.461,7.54,8.786,3.44,3.32,7.54,3.44,3.61,3.62,12.41,3.45,48.4,0.48,0.73,1.26,1.4,0.64,1.52,0.47,1.21,0.66,0.6,0.45,0.0,0.66,0.793,54.75,90.15,0.00143,0.92,0.22259,3.4099,249.0,0.02674,0.0,2.62,2.24694868,0.0,0.0,0.0,0.0,0.0,0.0,-74.473077,74.116881,36.331102,-177.152578,-7.768482,-74.52741,74.178813,36.409873,-177.279326,-7.83677,-74.508653,74.223804,36.3473,-177.326837,-7.75292,-74.508648,74.215239,36.346037,-177.317352,-7.752572,0.00028,1e-06,17.0,3.0,0.176470588,1.0,0.470643234,0.000776145,500.0,500.0,0.3
F,18.998,9.0,2.0,17.0,1.0,3.0,93.0,8.0,2.0,5.0,0.0,0.0,0.0,1.0,10.0,14.0,7.0,7.0,7.0,1.0,0.0,2.263,0.835,17.423,3.4,10.41,10.038,3.98,3.78,10.41,3.98,4.193,4.23,15.6,3.95,72.3,0.42,0.71,1.19,1.33,0.66,1.47,0.41,1.19,0.57,0.5,0.396,0.0,0.64,0.634,53.35,85.05,0.0017,0.82,0.2552,3.2698,79.0,0.0279,0.0,0.84,2.2,0.0,0.0,0.0,0.0,0.0,0.0,-99.099648,98.676131,49.535385,-237.688846,-9.622319,-99.114192,98.6925,49.553571,-237.720045,-9.640218,-99.162239,98.864327,49.562929,-237.989645,-9.599851,-99.162225,98.849634,49.560919,-237.97345,-9.599327,0.0096,2e-05,18.0,1.0,0.055555556,1.0,0.000597237,2.74912e-08,1500.0,1500.0,190.0
Ne,20.18,10.0,2.0,18.0,1.0,3.0,99.0,9.0,2.0,6.0,0.0,0.0,0.0,0.0,10.0,14.0,8.0,8.0,8.0,0.0,0.0,2.518,0.84,21.565,-1.244,0.0,11.3,0.0,0.0,0.0,0.0,4.789,4.89,13.37,0.0,98.0,0.38,0.69,1.14,1.02,1.31,1.54,1.67,0.96,0.58,0.38,0.354,0.0,0.0,0.396,24.45,25.15,0.0009,0.904,0.3317,1.7326,0.0,0.0493,0.0,0.02,0.0,0.0,0.0,0.0,0.0,0.0,0.0,-128.233481,127.738667,65.726488,-309.988206,-11.71043,-128.233481,127.738667,65.726488,-309.988206,-11.71043,-128.336403,128.048273,65.77074,-310.476301,-11.679115,-128.336369,128.024308,65.767675,-310.449994,-11.678358,0.04,0.00059,19.0,3.0,0.157894737,1.0,5.10459e-09,0.000112182,0.0,0.0,33.0
Na,22.99,11.0,3.0,1.0,0.0,1.0,2.0,1.0,1.0,0.0,0.0,0.0,1.0,6.0,10.0,14.0,1.0,1.0,1.0,1.0,1.0,1.842,2.584,5.139,0.549,2.85,2.438,0.93,0.89,2.85,0.93,0.869,0.95,2.64,0.9,1.08,1.9,1.54,1.16,0.72,1.8,2.27,2.65,1.16,1.66,1.8,1.713,1.896,1.572,23.6,370.95,1156.15,0.971,1.23,2.598,96.96,109.0,141.0,7e-05,1.113,6.8,3.3,10.0,0.0,0.00069,4.7e-08,21000000.0,-161.44006,160.896571,79.732497,-388.546372,-13.522757,-161.447625,160.907255,79.784904,-388.606022,-13.533763,-161.601691,161.382981,79.804831,-389.308645,-13.480857,-161.601623,161.344619,79.799934,-389.266444,-13.479731,0.53,0.0007,20.0,1.0,0.05,1.0,2.40937e-10,1.87188e-06,1102.0,500.0,7.0
Mg,24.305,12.0,3.0,2.0,0.0,1.0,68.0,2.0,2.0,0.0,0.0,0.0,0.0,6.0,10.0,14.0,2.0,2.0,2.0,2.0,2.0,2.248,0.674,7.646,-0.414,3.75,3.611,1.31,1.31,3.75,1.31,1.293,1.32,3.93,1.2,2.35,1.45,1.3,0.86,0.54,1.6,1.73,2.03,0.86,1.41,1.5,1.279,1.598,1.364,10.6,922.15,1363.15,1.74,1.02,8.954,127.4,148.0,156.0,2.48e-05,1.51,35.6,17.0,45.0,0.0,0.26,4.4e-08,23000000.0,-199.139406,198.541505,95.67329,-477.899149,-15.455051,-199.139406,198.541505,95.67329,-477.899149,-15.455051,-199.382965,199.274807,95.78447,-479.041925,-15.400316,-199.382839,199.215426,95.777042,-478.976612,-15.398695,0.063,0.0001,22.0,3.0,0.136363636,1.0,0.023787391,3.50244e-05,5259.0,500.0,3.7
Al,26.982,13.0,3.0,13.0,1.0,1.0,73.0,5.0,2.0,1.0,0.0,0.0,0.0,5.0,10.0,14.0,3.0,3.0,3.0,3.0,3.0,1.989,0.761,5.986,0.435,3.23,4.639,1.61,1.64,3.23,1.61,1.613,1.55,5.89,1.5,4.35,1.18,1.18,0.68,0.4,1.41,1.84,1.68,0.53,1.21,1.25,1.312,1.429,1.248,8.3,933.15,2740.15,2.7,0.9,10.79,293.4,326.0,237.0,2.31e-05,3.39,75.2,26.0,70.0,0.167,0.245,2.6e-08,38000000.0,-241.315573,240.663489,112.670733,-577.205757,-17.444038,-241.321156,240.670669,112.705697,-577.245289,-17.452233,-241.669323,241.729117,112.827267,-578.851985,-17.373722,-241.669101,241.64091,112.816539,-578.755072,-17.371477,0.233,0.03,22.0,1.0,0.045454545,1.0,0.084021558,2.76869e-06,1569.0,1000.0,1.8
Si,28.086,14.0,3.0,14.0,1.0,3.0,78.0,6.0,2.0,2.0,0.0,0.0,0.0,4.0,10.0,14.0,4.0,4.0,4.0,4.0,4.0,2.321,0.652,8.152,1.388,4.77,5.524,1.9,1.98,4.77,1.9,1.916,1.87,6.8,1.8,7.26,1.11,1.11,0.54,0.44,1.1,2.1,1.42,0.4,0.11,1.1,1.068,1.316,1.173,5.4,1683.15,2628.15,2.33,0.71,50.55,384.22,452.0,148.0,2.6e-06,4.63,98.0,60.0,47.0,9.6301303,2.3,0.001,1000.0,-288.198397,287.48774,131.767814,-687.900675,-19.553276,-288.222945,287.518355,131.881748,-688.036467,-19.586581,-288.696925,288.990326,131.982541,-690.205114,-19.464678,-288.696551,288.863348,131.967556,-690.0658,-19.461655,0.166,0.0002,23.0,3.0,0.130434783,1.0,0.287898898,3.26111e-05,4708.0,1000.0,5.4
P,30.974,15.0,3.0,15.0,1.0,3.0,83.0,7.0,2.0,3.0,0.0,0.0,0.0,3.0,10.0,14.0,5.0,5.0,5.0,3.0,3.0,3.412,5.752,10.487,0.746,5.62,6.341,2.19,2.32,5.62,2.19,2.253,2.22,8.33,2.1,11.2,0.98,1.06,0.58,1.84,1.02,1.8,1.24,0.31,1.07,1.0,0.919,1.28,1.1,3.6,317.25,553.15,1.82,0.77,0.657,12.129,315.0,0.235,0.0,3.43,30.4,0.0,0.0,0.0,0.0,1e-07,10000000.0,-339.946219,339.173459,153.065007,-810.4001,-21.784585,-340.005794,339.246155,153.286547,-810.676999,-21.861498,-340.631017,341.238665,153.353051,-813.54795,-21.674782,-340.630409,341.06068,153.332668,-813.352953,-21.670803,0.18,0.0002,23.0,1.0,0.043478261,1.0,0.001071964,3.39156e-07,1951.0,5063.0,4.0
S,32.066,16.0,3.0,16.0,1.0,3.0,88.0,7.0,2.0,4.0,0.0,0.0,0.0,2.0,10.0,14.0,6.0,6.0,6.0,2.0,2.0,2.617,5.787,10.36,2.072,6.22,6.838,2.58,2.65,6.22,2.58,2.589,2.49,11.88,2.53,16.4,0.88,1.02,1.7,1.81,1.03,1.8,1.1,0.43,1.05,1.0,0.81,1.27,1.04,2.9,385.95,717.85,2.07,0.71,1.7175,9.8,279.0,0.269,0.0,2.85,7.7,0.0,0.0,0.0,0.0,1000000000000000.0,1e-15,-396.716081,395.878143,176.68795,-945.141155,-24.141019,-396.743948,395.911428,176.770628,-945.250263,-24.175741,-397.636285,398.654968,177.067057,-949.351433,-24.006876,-397.635327,398.411116,177.039936,-949.084638,-24.001741,0.52,0.00055,24.0,4.0,0.166666667,1.0,0.000357321,1.67947e-05,737.0,1000.0,24.0
Cl,35.453,17.0,3.0,17.0,1.0,3.0,94.0,8.0,2.0,5.0,0.0,0.0,0.0,1.0,10.0,14.0,7.0,7.0,7.0,1.0,0.0,2.928,0.517,12.968,3.618,8.3,7.292,3.16,2.98,8.3,3.16,2.869,2.82,14.06,2.97,23.0,0.79,0.99,1.67,1.38,1.05,1.75,1.01,1.67,1.02,1.0,0.725,0.0,0.994,2.2,172.15,238.55,0.00321,0.48,3.23,10.2,121.0,0.0089,0.0,1.4,1.1,0.0,0.0,0.0,0.0,100.0,0.01,-458.664179,457.758293,202.772337,-1092.568993,-26.625816,-458.671463,457.766864,202.790718,-1092.594365,-26.63468,-459.877336,461.421464,203.263193,-1098.098008,-26.463985,-459.87587,461.093903,203.227774,-1097.740075,-26.457471,35.3,0.033,24.0,2.0,0.083333333,1.0,0.000148033,1.70882e-07,1500.0,1500.0,0.15
Ar,39.948,18.0,3.0,18.0,1.0,3.0,100.0,9.0,2.0,6.0,0.0,0.0,0.0,0.0,10.0,14.0,8.0,8.0,8.0,0.0,0.0,3.228,0.469,15.76,-0.995,0.0,7.652,0.0,0.0,0.0,0.0,3.242,3.18,12.55,0.0,31.2,0.71,0.97,1.88,1.3,1.75,1.88,2.57,1.88,1.06,0.71,0.659,0.0,0.0,1.586,83.95,87.45,0.00178,0.52,1.188,6.447,0.0,0.01772,0.0,0.08,0.0,0.0,0.0,0.0,0.0,0.0,0.0,-525.946195,524.969812,231.458124,-1253.131982,-29.242149,-525.946195,524.969812,231.458124,-1253.131982,-29.242149,-527.519049,529.722274,232.084684,-1260.276935,-29.049073,-527.516861,529.289796,232.039165,-1259.80489,-29.040931,0.66,0.00059,24.0,3.0,0.125,1.0,3.57321e-06,3.29373e-06,0.0,0.0,0.5
K,39.098,19.0,4.0,1.0,0.0,1.0,3.0,1.0,1.0,0.0,0.0,0.0,1.0,6.0,10.0,14.0,1.0,1.0,1.0,1.0,1.0,1.694,0.894,4.341,0.497,2.42,2.003,0.82,0.8,2.42,0.82,0.734,0.84,2.48,0.8,0.467,2.43,1.96,1.52,1.38,2.3,2.75,3.69,1.52,2.03,2.2,2.162,2.349,2.025,43.4,336.4,1033.15,0.86,0.75,2.334,79.87,90.0,102.4,8.3e-05,0.934,3.2,1.3,3.53,0.0,0.000363,7e-08,14000000.0,-598.20059,597.17213,257.381524,-1421.104115,-31.650129,-598.206032,597.179968,257.437,-1421.164934,-31.658067,-600.211193,603.251432,258.181811,-1430.22181,-31.422626,-600.208027,602.687891,258.123548,-1429.606938,-31.412527,2.1,0.0018,24.0,2.0,0.083333333,0.999883,0.021337188,1.22944e-07,1738.0,7201.0,85.0
Ca,40.078,20.0,4.0,2.0,0.0,1.0,7.0,2.0,2.0,0.0,0.0,0.0,0.0,6.0,10.0,14.0,2.0,2.0,2.0,2.0,2.0,2.68,1.004,6.113,0.021,2.2,2.697,1.0,1.17,2.2,1.0,1.034,1.11,2.19,1.0,1.02,1.94,1.74,1.14,1.0,2.01,2.31,3.0,1.14,1.76,1.8,1.69,1.97,1.736,22.8,1112.15,1757.15,1.55,0.63,8.54,153.3,178.0,200.0,2.23e-05,1.84,17.2,7.4,20.0,0.0,0.167,3.4e-08,29000000.0,-675.742283,674.657334,285.20613,-1601.463209,-34.142538,-675.742283,674.657334,285.20613,-1601.463209,-34.142538,-678.279346,682.333976,286.211793,-1612.948417,-33.876698,-678.274863,681.609187,286.138343,-1612.158072,-33.864321,0.43,0.00037,24.0,5.0,0.208333333,0.99813,0.0423681,1.99254e-06,3860.0,1500.0,11.0
Sc,44.956,21.0,4.0,3.0,2.0,1.0,11.0,3.0,2.0,0.0,1.0,0.0,0.0,6.0,9.0,14.0,3.0,2.0,1.0,3.0,3.0,2.777,0.969,6.562,0.187,3.34,2.857,1.36,1.5,3.34,1.36,1.19,1.17,1.83,1.3,1.18,1.84,1.44,0.89,0.75,1.62,2.3,2.75,0.89,1.7,1.6,1.57,1.62,1.439,17.8,1814.15,3105.15,2.99,0.6,14.1,314.2,378.0,15.8,1.02e-05,3.9,56.6,29.0,74.0,0.0,0.75,5.5e-07,1800000.0,-758.679275,757.5252,318.555762,-1797.853811,-36.906426,-758.685248,757.532115,318.60574,-1797.907745,-36.915357,-761.836473,767.085779,319.734188,-1812.061408,-36.595031,-761.830251,766.171674,319.643878,-1811.065621,-36.580182,27.2,0.025,25.0,1.0,0.04,1.0,2.24602e-05,1.1153e-09,5500.0,4500.0,1400.0
Ti,47.867,22.0,4.0,4.0,2.0,1.0,43.0,4.0,2.0,0.0,2.0,0.0,0.0,6.0,8.0,14.0,4.0,2.0,2.0,4.0,4.0,2.833,0.95,6.828,0.083,3.45,3.004,1.54,1.86,3.45,1.54,1.38,1.23,2.28,1.6,1.37,1.76,1.36,1.0,0.86,1.42,2.15,2.58,0.75,1.6,1.4,1.477,1.467,1.324,14.6,1933.15,3560.15,4.54,0.52,15.45,421.0,470.0,21.9,8.6e-06,4.85,108.0,44.0,116.0,0.97,0.715,4e-07,2500000.0,-847.277216,846.050533,355.232355,-2008.740849,-39.819256,-847.303463,846.080558,355.394778,-2008.923404,-39.855395,-851.162463,857.825375,356.620978,-2026.150639,-39.458177,-851.153978,856.687119,356.511854,-2024.912351,-39.440599,6.1,0.0044,26.0,5.0,0.192307692,1.0,0.005768187,7.82667e-08,1119.0,1552.0,6.1
V,50.942,23.0,4.0,5.0,2.0,1.0,46.0,4.0,2.0,0.0,3.0,0.0,0.0,6.0,7.0,14.0,5.0,2.0,3.0,5.0,5.0,2.816,0.956,6.746,0.529,3.6,3.148,1.63,2.22,3.6,1.63,1.53,1.27,2.42,1.9,1.58,1.71,1.25,0.93,0.79,1.34,2.05,2.43,0.68,1.53,1.35,1.401,1.338,1.224,12.4,2163.15,3653.15,6.11,0.49,20.9,453.0,514.0,30.7,8.4e-06,5.31,158.0,47.0,128.0,0.628,0.628,2e-07,5000000.0,-758.679275,757.5252,318.555762,-1797.853811,-36.906426,-941.742204,940.448753,395.485129,-2234.721054,-42.955032,-946.412584,954.735363,396.792977,-2255.484723,-42.456201,-946.401188,953.333535,396.662692,-2253.961805,-42.43561,5.06,0.0033,26.0,1.0,0.038461538,0.9975,0.00012251,9.55507e-09,3266.0,3397.0,220.0
Cr,51.996,24.0,4.0,6.0,2.0,1.0,49.0,4.0,1.0,0.0,5.0,0.0,1.0,6.0,5.0,14.0,6.0,1.0,4.0,2.9,5.78,2.82,0.955,6.767,0.674,3.72,3.295,1.66,2.0,3.72,1.66,1.65,1.29,2.72,2.2,1.8,1.66,1.27,0.87,0.8,1.3,2.0,2.44,0.76,1.39,1.4,1.453,1.357,1.172,11.6,2130.15,2945.15,7.19,0.45,16.9,344.3,397.0,93.7,4.9e-06,4.1,160.0,115.0,279.0,1.06,1.12,1.3e-07,7900000.0,-1042.030238,1040.642716,441.867987,-2478.305541,-46.2354,-1042.218348,1040.859934,442.88611,-2479.487016,-46.477376,-1047.738289,1057.972206,443.665838,-2503.6209,-45.755433,-1047.723197,1056.270005,443.512785,-2501.774322,-45.731664,3.1,0.0021,26.0,4.0,0.153846154,1.0,0.000104134,4.4025e-07,3103.0,4053.0,10.0
Mn,54.938,25.0,4.0,7.0,2.0,1.0,52.0,4.0,2.0,0.0,5.0,0.0,0.0,6.0,5.0,14.0,7.0,2.0,5.0,4.16,5.78,2.956,0.911,7.434,-0.518,3.72,3.435,1.55,2.04,3.72,1.55,1.75,1.36,2.01,2.6,2.05,1.61,1.39,0.81,0.83,1.32,1.96,2.22,0.81,1.32,1.4,1.278,1.306,1.168,9.4,1517.15,2235.15,7.43,0.48,12.05,226.0,281.0,7.82,2.17e-05,2.92,92.6,76.4,198.0,0.0,0.196,1.6e-06,620000.0,-1148.449372,1146.990867,485.085158,-2731.133992,-49.391406,-1148.644093,1147.208134,485.852669,-2732.070736,-49.63416,-1155.294212,1167.790159,487.295552,-2761.529143,-48.85078,-1155.274475,1165.723342,487.114939,-2759.289515,-48.823241,13.3,0.0083,26.0,1.0,0.038461538,1.0,0.000969872,3.11436e-07,1593.0,1790.0,1.7
Fe,55.847,26.0,4.0,8.0,2.0,1.0,55.0,4.0,2.0,0.0,6.0,0.0,0.0,6.0,4.0,14.0,8.0,2.0,5.0,5.78,5.78,3.048,2.777,7.902,0.156,4.06,3.584,1.83,1.67,4.06,1.83,1.8,1.4,3.9,2.76,2.31,1.56,1.25,0.75,0.78,1.25,1.59,2.11,0.69,1.32,1.4,1.227,1.26,1.165,8.4,1808.15,3023.15,7.86,0.44,13.8,349.6,418.0,80.2,1.18e-05,4.28,166.0,82.0,211.0,0.608,0.49,9.7e-08,10000000.0,-1261.093056,1259.553429,535.295832,-3003.082484,-52.859833,-1261.223291,1259.697871,535.733366,-3003.635009,-53.019519,-1269.22908,1284.299765,537.849537,-3039.130268,-52.248113,-1269.203563,1281.820878,537.639306,-3036.447136,-52.216611,2.56,0.0015,28.0,4.0,0.142857143,1.0,0.057477688,2.935e-05,2424.0,1373.0,6.7
Co,58.933,27.0,4.0,9.0,2.0,1.0,58.0,4.0,2.0,0.0,7.0,0.0,0.0,6.0,3.0,14.0,9.0,2.0,4.0,5.78,5.78,3.046,0.885,7.881,0.664,4.3,3.731,1.88,1.72,4.3,1.88,1.84,1.44,3.03,3.13,2.6,1.52,1.26,0.79,0.75,1.25,2.0,2.02,0.54,1.26,1.35,1.181,1.252,1.157,7.5,1768.15,3143.15,8.9,0.42,16.19,376.5,425.0,100.0,1.3e-05,4.39,182.0,76.0,209.0,1.043,0.7,6e-08,17000000.0,-1380.091264,1378.468819,589.169216,-3291.260194,-56.469106,-1380.167299,1378.552711,589.39503,-3291.553847,-56.561193,-1389.695823,1407.71069,592.105098,-3333.731437,-55.780174,-1389.663179,1404.758937,591.861977,-3330.539729,-55.744364,37.2,0.021,29.0,1.0,0.034482759,1.0,2.5523e-05,7.33751e-08,3052.0,2655.0,21.0
Ni,58.693,28.0,4.0,10.0,2.0,1.0,61.0,4.0,2.0,0.0,8.0,0.0,0.0,6.0,2.0,14.0,10.0,2.0,3.0,5.78,5.78,2.996,0.898,7.64,1.161,4.4,3.858,1.91,1.76,4.4,1.91,1.88,1.47,3.48,3.33,2.92,1.49,1.21,0.74,0.6,1.28,1.63,2.18,0.7,1.24,1.35,1.139,1.244,1.149,6.8,1726.15,3003.15,8.9,0.44,17.47,370.4,430.0,90.7,1.34e-05,4.44,177.0,76.0,200.0,0.638,0.7,7e-08,14000000.0,-1505.580197,1503.873332,646.833302,-3596.066045,-60.220786,-1505.615106,1503.911671,646.926967,-3596.191094,-60.26265,-1516.846867,1538.21079,650.193085,-3645.80252,-59.448222,-1516.805505,1534.719054,649.913565,-3642.030376,-59.407749,4.5,0.0026,31.0,5.0,0.161290323,1.0,8.57571e-05,1.60773e-06,988.0,1479.0,7.7
Cu,63.546,29.0,4.0,11.0,2.0,1.0,64.0,4.0,1.0,0.0,10.0,0.0,1.0,6.0,0.0,14.0,11.0,1.0,2.0,5.44,5.44,3.013,0.893,7.726,1.234,4.48,4.003,1.9,1.08,4.48,1.9,1.85,1.51,2.91,2.2,3.25,1.45,1.38,0.87,0.77,1.27,1.4,2.04,0.71,1.32,1.35,1.191,1.276,1.173,6.7,1356.15,2840.15,8.96,0.38,13.05,300.3,338.0,401.0,1.65e-05,3.49,138.0,48.0,130.0,0.369,0.874,1.7e-08,59000000.0,-1637.785861,1635.9828,713.928477,-3923.329381,-64.367756,-1637.793358,1635.992614,713.999508,-3923.406957,-64.378522,-1650.910397,1676.025731,717.548365,-3980.987851,-63.496642,-1650.858424,1671.934488,717.231695,-3976.573203,-63.451404,3.78,0.0021,29.0,2.0,0.068965517,1.0,6.12551e-05,1.7023e-08,1576.0,1524.0,2.7
Zn,65.38,30.0,4.0,12.0,2.0,1.0,69.0,4.0,2.0,0.0,10.0,0.0,0.0,6.0,0.0,14.0,12.0,2.0,1.0,4.44,4.44,3.322,0.81,9.394,-0.622,4.45,4.133,1.65,1.44,4.45,1.65,1.59,1.46,3.13,1.2,3.61,1.42,1.31,0.88,0.74,1.4,1.39,1.88,0.74,1.22,1.35,1.065,1.379,1.249,6.4,692.75,1179.15,7.13,0.39,7.322,115.3,131.0,116.0,3.02e-05,1.35,69.4,43.0,108.0,8.01203305,0.412,5.9e-08,17000000.0,-1776.57385,1774.693645,774.056522,-4257.166094,-68.157922,-1776.57385,1774.693645,774.056522,-4257.166094,-68.157922,-1791.814585,1821.24327,778.401582,-4324.261826,-67.197611,-1791.749887,1816.442682,778.037755,-4319.083631,-67.146693,1.1,0.00055,30.0,5.0,0.166666667,1.0,7.14643e-05,4.109e-08,1574.0,1895.0,3.7
Ga,69.723,31.0,4.0,13.0,1.0,1.0,74.0,5.0,2.0,1.0,10.0,0.0,0.0,5.0,0.0,14.0,13.0,3.0,3.0,3.44,3.44,2.655,1.014,5.999,0.425,3.2,4.664,1.81,1.7,3.2,1.81,1.756,1.56,3.3,1.4,5.49,1.36,1.26,0.76,0.62,1.34,1.87,1.7,0.76,1.22,1.3,1.254,1.408,1.245,8.1,302.95,2676.15,5.9,0.37,5.59,258.7,286.0,40.6,1.2e-06,2.81,56.9,0.0,0.0,0.0,0.06,1.4e-07,7100000.0,-1921.846456,1919.894783,833.754978,-4603.576824,-71.919393,-1921.851924,1919.901853,833.82778,-4603.654197,-71.92736,-1939.453568,1973.731946,838.82376,-4681.14788,-70.861393,-1939.373561,1968.130697,838.406098,-4675.106069,-70.804286,2.9,0.0015,31.0,2.0,0.064516129,1.0,1.93974e-05,1.2327e-09,5500.0,1895.0,220.0
Ge,72.63,32.0,4.0,14.0,1.0,2.0,79.0,6.0,2.0,2.0,10.0,0.0,0.0,4.0,0.0,14.0,14.0,4.0,4.0,4.0,4.0,3.046,0.884,7.899,1.234,4.6,5.132,2.01,1.99,4.6,2.01,1.994,1.81,4.24,1.7,7.92,1.25,1.22,0.87,0.73,1.14,2.11,1.56,0.53,1.2,1.25,1.09,1.366,1.223,6.1,1220.55,3103.15,5.32,0.32,36.94,330.9,377.0,59.9,6e-06,3.85,77.2,0.0,0.0,0.0,7.273402499,0.0005,2000.0,-2073.807332,2071.782093,895.945638,-4965.789424,-75.74564,-2073.82986,2071.810411,896.161607,-4966.025799,-75.776078,-2094.057595,2133.772372,901.81992,-5055.066254,-74.583632,-2093.959277,2127.263869,901.341795,-5048.04518,-74.519761,2.2,0.0011,32.0,4.0,0.125,0.9239,1.53138e-06,3.88073e-09,5267.0,1895.0,360.0
As,74.922,33.0,4.0,15.0,1.0,2.0,84.0,6.0,2.0,3.0,10.0,0.0,0.0,3.0,0.0,14.0,15.0,5.0,5.0,3.0,3.0,3.396,0.884,9.789,0.806,5.3,5.537,2.18,2.27,5.3,2.18,2.211,2.11,4.94,2.0,11.1,1.14,1.19,0.72,0.58,1.15,1.85,1.42,0.72,1.19,1.15,1.001,1.39,1.21,4.3,1090.15,890.15,5.73,0.33,27.7,34.76,302.0,50.0,0.0,2.96,38.3,0.0,8.0,0.0,1.44,3e-07,3300000.0,-2232.534978,2230.434545,960.716547,-5344.04275,-79.643321,-2232.587154,2230.498886,961.107904,-5344.483402,-79.710543,-2255.727328,2301.515332,967.480227,-5446.352337,-78.37055,-2255.607224,2293.982566,966.934286,-5438.224764,-78.299312,4.2,0.002,33.0,1.0,0.03030303,1.0,1.83765e-06,2.13929e-10,3337.0,4000.0,320.0
Se,78.971,34.0,4.0,16.0,1.0,3.0,89.0,7.0,2.0,4.0,10.0,0.0,0.0,2.0,0.0,14.0,16.0,6.0,6.0,2.0,2.0,3.385,0.795,9.752,2.021,5.89,5.875,2.55,2.54,5.89,2.55,2.434,2.31,4.82,2.4,14.7,1.03,1.16,1.84,1.98,1.18,1.9,1.29,0.56,1.2,1.15,0.918,1.4,1.17,3.8,490.15,958.15,4.79,0.32,6.694,37.7,227.0,0.52,0.0,2.46,8.3,3.7,10.0,0.0,0.736,0.0,0.0,-2398.11144,2395.934307,1028.192719,-5738.619928,-83.618538,-2398.13493,2395.962682,1028.331555,-5738.781414,-83.647752,-2424.56813,2477.11889,1035.936588,-5855.395556,-82.228052,-2424.422236,2468.433596,1035.314833,-5846.021845,-82.14882,11.7,0.0056,30.0,5.0,0.166666667,0.9127,5.10459e-08,2.02515e-09,2225.0,1910.0,14.0
Br,79.904,35.0,4.0,17.0,1.0,3.0,95.0,8.0,2.0,5.0,10.0,0.0,0.0,1.0,0.0,14.0,17.0,7.0,7.0,1.0,0.0,3.726,0.723,11.814,3.368,7.59,6.166,2.96,2.83,7.59,2.96,2.685,2.56,7.35,2.75,19.3,0.94,1.14,1.82,1.96,1.2,1.85,1.2,1.82,1.2,1.15,0.851,0.0,1.142,3.1,265.95,331.95,3.12,0.473,5.286,15.438,112.0,0.122,0.0,1.22,1.9,0.0,0.0,0.0,0.0,10000000000.0,1e-10,-2570.6207,2568.365427,1098.492305,-6149.802515,-87.675917,-2570.626651,2568.37252,1098.52183,-6149.837853,-87.683149,-2600.688476,2660.74718,1107.31508,-6282.590113,-86.160623,-2600.512192,2650.768984,1106.60884,-6271.817272,-86.072744,6.8,0.002,31.0,2.0,0.064516129,1.0,2.4502e-06,3.84812e-10,3299.0,6880.0,4.9
Kr,83.798,36.0,4.0,18.0,1.0,3.0,101.0,9.0,2.0,6.0,10.0,0.0,0.0,0.0,0.0,14.0,18.0,8.0,8.0,0.0,0.0,4.056,0.664,14.0,-0.622,0.0,6.392,3.0,0.0,0.0,0.0,2.966,2.82,9.59,0.0,24.6,0.88,1.1,1.66,1.36,1.88,2.02,2.91,2.1,1.16,0.88,0.795,0.0,0.0,2.5,116.15,121.15,0.00374,0.248,1.638,9.029,0.0,0.00949,0.0,0.116,0.0,0.0,0.0,0.0,0.0,0.0,0.0,-2750.14794,2747.813142,1171.723688,-6577.865761,-91.819009,-2750.14794,2747.813142,1171.723688,-6577.865761,-91.819009,-2784.199238,2852.569866,1181.732417,-6728.329838,-90.171683,-2783.9873,2841.14538,1180.932299,-6715.990502,-90.074477,25.0,0.013,32.0,6.0,0.1875,1.0,1.02092e-10,1.4675e-09,0.0,0.0,33.0
Rb,85.468,37.0,5.0,1.0,0.0,1.0,4.0,1.0,1.0,0.0,0.0,0.0,1.0,6.0,10.0,14.0,1.0,1.0,1.0,1.0,1.0,2.769,1.519,4.177,0.487,2.34,2.014,0.82,0.8,2.34,0.82,0.706,0.83,1.05,0.78,0.342,2.65,2.11,1.66,1.52,2.44,2.9,4.1,1.66,2.2,2.35,2.287,2.48,2.16,47.3,312.05,959.15,1.53,0.363,2.192,72.216,86.0,58.2,9e-06,0.852,3.1,0.0,2.4,0.0,0.000216,1.2e-07,8300000.0,-2936.337293,2933.940454,1239.168864,-7013.68955,-95.757061,-2936.34216,2933.94749,1239.25849,-7013.783989,-95.76415,-2974.774466,3052.34749,1250.536581,-7183.686413,-93.972124,-2974.52126,3039.307683,1249.631696,-7169.595831,-93.864809,0.38,0.0003,32.0,1.0,0.03125,1.0,9.18826e-05,2.31213e-10,6000.0,6000.0,1200.0
Sr,87.62,38.0,5.0,2.0,0.0,1.0,8.0,2.0,2.0,0.0,0.0,0.0,0.0,6.0,10.0,14.0,2.0,2.0,2.0,2.0,2.0,3.234,1.301,5.695,0.052,2.0,2.585,0.95,1.13,2.0,0.95,0.963,1.06,1.63,1.0,0.744,2.19,1.92,1.32,1.18,2.12,2.55,3.21,1.32,1.95,2.0,1.836,2.148,1.914,27.6,1042.15,1657.15,2.63,0.3,8.3,144.0,164.0,35.3,2.25e-05,1.72,12.0,6.1,0.0,0.0,0.0,1.3e-07,7700000.0,-3129.453161,3126.990706,1308.954372,-7465.641817,-99.756422,-3129.453161,3126.990706,1308.954372,-7465.641817,-99.756422,-3172.705798,3260.414661,1321.799184,-7657.093368,-97.826276,-3172.404762,3245.575881,1320.77952,-7641.052032,-97.70813,1.2,0.0005,33.0,4.0,0.121212121,1.0,0.00037774,7.66362e-10,4179.0,3000.0,100.0
Y,88.906,39.0,5.0,3.0,2.0,1.0,12.0,3.0,2.0,0.0,1.0,0.0,0.0,6.0,9.0,14.0,3.0,2.0,1.0,3.0,3.0,3.379,1.245,6.217,0.311,3.19,2.724,1.22,1.41,3.19,1.22,1.12,1.11,1.76,1.3,0.868,2.12,1.62,1.04,0.9,1.79,2.4,2.94,1.04,1.9,1.85,1.693,1.797,1.616,22.7,1796.15,3610.15,4.47,0.3,11.4,363.0,423.0,17.2,1.06e-05,4.37,41.2,26.0,64.0,0.0,0.588,5.7e-07,1800000.0,-3329.520604,3326.984254,1384.603788,-7937.187681,-103.920964,-3329.525142,3326.989782,1384.663406,-7937.250826,-103.927504,-3378.030204,3476.837608,1398.70321,-8151.743067,-101.827955,-3377.673981,3460.017556,1397.559798,-8133.552916,-101.698418,1.28,0.00059,33.0,1.0,0.03030303,1.0,3.36903e-05,1.51316e-10,9834.0,2646.0,220.0
Zr,91.224,40.0,5.0,4.0,2.0,1.0,44.0,4.0,2.0,0.0,2.0,0.0,0.0,6.0,8.0,14.0,4.0,2.0,2.0,4.0,4.0,3.401,1.205,6.634,0.425,3.64,2.849,1.33,1.7,3.64,1.33,1.32,1.17,1.73,1.6,1.0,2.06,1.48,0.86,0.72,1.58,2.38,2.83,0.86,1.75,1.55,1.593,1.597,1.454,17.9,2125.15,4650.15,6.51,0.27,16.9,582.0,609.0,22.7,5.7e-06,6.25,89.8,33.0,67.0,0.904,0.65,4.2e-07,2400000.0,-3536.737751,3534.12421,1464.236106,-8426.900586,-108.19748,-3536.757227,3534.14755,1464.408352,-8427.089908,-108.22322,-3590.981773,3701.937131,1479.762803,-8666.747028,-105.934679,-3590.562114,3682.931961,1478.485579,-8646.186552,-105.793101,0.184,0.00066,33.0,4.0,0.121212121,0.972,0.000168451,3.71767e-10,3410.0,2595.0,16.0
Nb,92.906,41.0,5.0,5.0,2.0,1.0,47.0,4.0,1.0,0.0,4.0,0.0,1.0,6.0,6.0,14.0,5.0,1.0,3.0,5.0,5.0,3.523,1.195,6.759,0.923,4.0,2.974,1.6,2.03,4.0,1.83,1.41,1.21,1.68,1.8,1.15,1.98,1.37,0.86,0.72,1.43,2.15,2.76,0.78,1.64,1.45,1.589,1.456,1.342,15.7,2741.15,5015.15,8.57,0.26,26.4,682.0,726.0,53.7,7.3e-06,7.57,170.0,38.0,105.0,1.32,0.736,1.5e-07,6700000.0,-3751.196175,3748.49657,1551.501122,-8938.494135,-112.699732,-3751.295618,3748.618193,1552.282731,-8939.372358,-112.824183,-3811.664288,3935.847422,1568.219778,-9205.483401,-110.248086,-3811.171973,3914.455159,1566.800053,-9182.333202,-110.093984,1.15,0.0004,33.0,1.0,0.03030303,1.0,2.04184e-05,2.27626e-11,8525.0,8792.0,18.0
Mo,95.95,42.0,5.0,6.0,2.0,1.0,50.0,4.0,1.0,0.0,5.0,0.0,1.0,6.0,5.0,14.0,6.0,1.0,4.0,5.78,5.78,3.609,1.166,7.092,0.747,3.9,3.099,2.16,1.94,3.9,2.16,1.47,1.26,2.07,2.1,1.32,1.9,1.45,0.83,0.69,1.39,2.075,2.72,0.79,1.54,1.45,1.52,1.386,1.291,12.8,2890.15,4885.15,10.2,0.25,32.0,598.0,658.0,138.0,4.8e-06,6.82,261.0,20.0,329.0,1.53,1.5,5e-08,20000000.0,-3973.013235,3970.231601,1638.977454,-9465.024542,-117.197748,-3973.162595,3970.410767,1640.031844,-9466.223355,-117.381851,-4040.261934,4178.913186,1657.347402,-9761.964341,-114.558181,-4039.686653,4154.87986,1655.771331,-9735.947166,-114.390678,2.6,0.0009,33.0,6.0,0.181818182,0.9037,1.2251e-06,8.31584e-11,2410.0,5260.0,11.0
Tc,97.907,43.0,5.0,7.0,2.0,1.0,53.0,4.0,2.0,0.0,5.0,0.0,0.0,6.0,5.0,14.0,7.0,2.0,5.0,5.78,5.78,3.655,1.151,7.28,0.55,4.4,3.224,1.9,2.18,4.0,2.12,1.51,1.3,1.96,2.27,1.5,1.83,1.56,0.79,0.65,1.36,2.05,2.65,0.79,1.47,1.35,1.391,0.0,0.0,11.4,2445.15,5150.15,11.5,0.21,24.0,660.0,677.0,50.6,0.0,6.85,281.0,0.0,0.0,0.0,0.0,2e-07,5000000.0,-4202.188857,4199.331793,1724.900741,-10004.79062,-121.630774,-4202.325611,4199.49017,1725.578215,-10005.59873,-121.79527,-4276.816006,4431.276336,1745.476452,-10334.76196,-118.806839,-4276.1463,4404.321224,1743.727394,-10305.56998,-118.62494,22.0,0.0,34.0,0.0,0.0,0.0,0.0,3.26111e-11,0.0,0.0,0.0
Ru,101.07,44.0,5.0,8.0,2.0,1.0,56.0,4.0,1.0,0.0,7.0,0.0,1.0,6.0,3.0,14.0,8.0,1.0,5.0,5.78,5.78,3.676,1.144,7.361,1.047,4.5,3.336,2.2,1.97,4.5,2.15,1.54,1.35,1.93,2.0,1.69,1.78,1.26,0.82,0.68,1.34,2.05,2.61,0.82,1.46,1.3,1.41,1.336,1.241,9.6,2583.15,4173.15,12.4,0.238,24.0,595.0,643.0,117.0,6.4e-06,6.74,286.0,173.0,447.0,2.298138767,2.16,7e-08,14000000.0,-4438.981228,4436.031047,1824.80092,-10573.32364,-126.489556,-4439.044607,4436.105649,1825.194396,-10573.77908,-126.565569,-4521.54544,4693.065137,1846.844764,-10938.00916,-123.446179,-4520.768581,4662.961423,1844.917123,-10905.39743,-123.249697,2.6,0.0009,34.0,7.0,0.205882353,1.0,1.02092e-09,6.06567e-11,3239.0,8000.0,1400.0
Rh,102.906,45.0,5.0,9.0,2.0,1.0,59.0,4.0,1.0,0.0,8.0,0.0,1.0,6.0,2.0,14.0,9.0,1.0,4.0,5.78,5.78,3.701,1.137,7.459,1.14,4.3,3.461,2.28,1.99,4.3,2.28,1.56,1.39,1.72,2.26,1.9,1.73,1.35,0.81,0.67,1.32,2.0,2.52,0.81,1.42,1.35,1.364,1.342,1.247,8.6,2239.15,4000.15,12.4,0.242,21.5,493.0,556.0,150.0,8e-06,5.75,276.0,150.0,275.0,1.246,1.1,4.3e-08,23000000.0,-4683.301031,4680.264572,1923.261557,-11155.54306,-131.2841,-4683.334925,4680.304702,1923.496867,-11155.81152,-131.32497,-4774.469912,4964.562602,1947.339689,-11558.34786,-128.024344,-4773.571808,4930.989838,1945.215295,-11521.96468,-127.812259,145.0,0.063,34.0,1.0,0.029411765,1.0,1.02092e-09,1.12182e-11,3239.0,8000.0,13000.0
Pd,106.42,46.0,5.0,10.0,2.0,1.0,62.0,4.0,0.0,0.0,10.0,0.0,2.0,6.0,0.0,14.0,10.0,10.0,3.0,5.78,5.78,3.101,0.86,8.337,0.56,4.45,3.573,2.2,2.08,4.45,2.2,1.59,1.61,1.98,6.68,2.13,1.69,1.31,0.73,0.59,1.42,1.63,2.45,0.78,1.39,1.4,0.567,1.373,1.278,4.8,1827.15,3413.15,12.0,0.24,17.6,357.0,378.0,71.8,1.18e-05,3.89,187.0,44.0,121.0,0.461,0.0372,1e-07,10000000.0,-4935.368406,4932.234516,2031.645838,-11762.87581,-136.372955,-4935.368406,4932.234516,2031.645838,-11762.87581,-136.372955,-5035.797726,5245.950928,2057.310522,-12206.1887,-132.870481,-5034.762697,5208.615789,2054.981238,-12165.71734,-132.642382,6.9,0.0023,34.0,6.0,0.176470588,1.0,1.53138e-08,4.53295e-11,3239.0,8000.0,15.0
Ag,107.868,47.0,5.0,11.0,0.0,1.0,65.0,4.0,1.0,0.0,10.0,0.0,1.0,6.0,0.0,14.0,11.0,1.0,2.0,5.44,5.44,3.73,1.128,7.576,1.306,4.44,3.684,1.93,1.07,4.44,1.93,1.87,1.45,2.18,1.9,2.38,1.65,1.53,1.29,1.15,1.44,1.72,2.38,1.29,1.45,1.6,1.286,1.442,1.339,7.9,1235.15,2485.15,10.5,0.235,11.3,250.58,284.0,429.0,1.89e-05,2.95,104.0,30.0,85.0,0.251,0.0245,1.6e-08,62000000.0,-5195.031215,5191.8186,2131.618463,-12377.29448,-141.173794,-5195.037351,5191.826711,2131.701991,-12377.38354,-141.182511,-5305.487822,5537.467641,2160.192112,-12865.69646,-137.451114,-5304.298884,5495.98076,2157.628228,-12820.70232,-137.205548,63.6,0.02,38.0,2.0,0.052631579,1.0,7.65689e-08,1.5849e-11,1229.0,1368.0,120.0
Cd,112.411,48.0,5.0,12.0,0.0,1.0,70.0,4.0,2.0,0.0,10.0,0.0,0.0,6.0,0.0,14.0,12.0,2.0,1.0,4.44,4.44,4.064,1.035,8.994,-0.725,4.33,3.796,1.69,1.4,4.33,1.69,1.52,1.45,2.36,1.1,2.64,1.61,1.48,1.09,0.95,1.57,1.58,2.22,0.92,1.44,1.55,1.184,1.543,1.413,7.2,594.05,1038.15,8.65,0.23,6.192,99.57,112.0,96.8,3.08e-05,1.16,51.0,19.0,50.0,0.0,0.203,7e-08,14000000.0,-5462.390982,5459.099922,2233.419308,-13008.90242,-146.007788,-5462.390982,5459.099922,2233.419308,-13008.90242,-146.007788,-5583.648689,5839.236393,2265.15185,-13545.9793,-142.057637,-5582.286913,5793.217213,2262.334423,-13496.04487,-141.793682,2450.0,1.4,38.0,6.0,0.157894737,0.8029,1.53138e-07,5.25039e-11,1676.0,1341.0,6.0
In,114.818,49.0,5.0,13.0,1.0,1.0,75.0,5.0,2.0,1.0,10.0,0.0,0.0,5.0,0.0,14.0,13.0,3.0,3.0,3.44,3.44,3.259,1.29,5.786,0.301,3.1,4.253,1.78,1.63,3.1,1.78,1.656,1.52,2.48,1.4,4.02,1.56,1.44,0.94,0.8,1.55,1.93,2.05,0.94,1.42,1.55,1.382,1.66,1.497,9.7,429.75,2353.15,7.31,0.23,3.263,231.5,243.0,81.6,3.21e-05,2.52,41.1,0.0,11.0,0.0,0.00883,8e-08,12000000.0,-5737.309064,5733.94412,2334.432447,-13654.87065,-150.814984,-5737.313809,5733.950328,2334.515886,-13654.95827,-150.821755,-5870.165899,6151.216822,2369.191647,-14243.95493,-146.619443,-5868.610083,6100.276039,2366.090371,-14188.64049,-146.336008,194.0,0.06,39.0,1.0,0.025641026,0.9571,2.5523e-07,6.00045e-12,3333.0,2000.0,120.0
Sn,118.71,50.0,5.0,14.0,1.0,1.0,80.0,5.0,2.0,2.0,10.0,0.0,0.0,4.0,0.0,14.0,14.0,4.0,4.0,2.44,4.0,3.672,1.145,7.344,1.108,4.3,4.672,1.96,1.88,4.3,1.96,1.824,1.7,2.74,1.7,5.8,1.45,1.41,0.83,0.69,1.55,2.17,1.88,0.69,1.39,1.45,1.24,1.62,1.412,7.7,505.15,2543.15,7.31,0.227,7.029,295.8,302.0,66.6,2.2e-05,3.14,58.2,18.0,50.0,0.0,0.051,1.1e-07,9100000.0,-6019.953353,6016.512431,2438.225987,-14319.01448,-155.677296,-6019.972345,6016.536637,2438.47116,-14319.27747,-155.70267,-6165.265632,6473.77444,2476.231135,-14964.04407,-151.22714,-6163.492534,6417.478715,2472.824352,-14902.87234,-150.923266,0.62,0.0002,39.0,10.0,0.256410256,1.0,2.34811e-06,1.24575e-10,2591.0,1639.0,8.0
Sb,121.76,51.0,5.0,15.0,1.0,3.0,85.0,6.0,2.0,3.0,10.0,0.0,0.0,3.0,0.0,14.0,15.0,5.0,5.0,3.0,3.0,3.984,1.183,8.608,1.043,4.85,5.02,2.05,2.14,4.85,2.05,1.984,1.88,6.29,1.8,8.04,1.33,1.38,0.9,0.76,1.55,2.06,1.77,0.9,1.39,1.45,1.193,1.59,1.41,6.6,904.15,2223.15,6.69,0.21,19.87,77.14,262.0,24.3,1.1e-05,2.75,38.3,20.0,55.0,0.0,0.294,4e-07,2500000.0,-6310.376268,6306.85786,2544.726589,-15001.36474,-160.595974,-6310.419326,6306.911765,2545.16568,-15001.84569,-160.651084,-6469.046105,6807.128871,2586.194473,-15706.4882,-155.881254,-6467.030198,6745.014139,2582.457965,-15638.94635,-155.555956,5.4,0.0016,37.0,2.0,0.054054054,1.0,2.04184e-07,1.00768e-11,7906.0,3419.0,4.5
Te,127.6,52.0,5.0,16.0,1.0,3.0,90.0,6.0,2.0,4.0,10.0,0.0,0.0,2.0,0.0,14.0,16.0,6.0,6.0,2.0,2.0,4.067,1.034,9.01,1.97,5.49,5.325,2.1,2.38,5.49,2.52,2.158,2.08,4.98,2.1,10.8,1.23,1.35,2.07,2.21,1.4,2.06,1.67,1.11,1.38,1.4,1.111,1.6,1.37,5.5,722.65,1262.95,6.24,0.2,17.49,52.55,197.0,2.35,1.8e-05,2.19,65.0,16.0,43.0,0.0,0.18,0.0001,10000.0,-6608.631413,6605.034216,2653.969369,-15702.06148,-165.573522,-6608.650476,6605.057603,2654.124594,-15702.23554,-165.59713,-6781.608647,7151.508845,2699.126623,-16471.66008,-160.584032,-6779.321924,7083.078236,2695.03441,-16397.19825,-160.236317,5.4,0.0013,38.0,5.0,0.131578947,0.3329,1.02092e-09,1.5686e-10,2892.0,4934.0,24.0
I,126.904,53.0,5.0,17.0,1.0,3.0,96.0,8.0,2.0,5.0,10.0,0.0,0.0,1.0,0.0,14.0,17.0,7.0,7.0,1.0,0.0,4.381,0.96,10.451,3.059,6.76,5.592,2.66,2.76,6.76,2.66,2.359,2.27,6.7,2.45,14.1,1.15,1.33,2.06,2.2,1.6,1.98,1.59,2.06,1.39,1.4,1.044,0.0,1.334,5.0,386.65,457.15,4.93,0.214,7.824,20.752,107.0,0.449,0.0,1.11,7.7,0.0,0.0,0.0,0.0,10000000.0,1e-07,-6914.773092,6911.09591,2766.012734,-16421.26955,-170.612187,-6914.777857,6911.101681,2766.045523,-16421.3071,-170.61796,-7103.057179,7507.152121,2815.098395,-17259.97014,-165.337559,-7100.468962,7431.873857,2810.622805,-17177.9992,-164.966427,6.3,0.0018,37.0,1.0,0.027027027,1.0,4.59413e-07,2.935e-11,4887.0,4836.0,8.3
Xe,131.293,54.0,5.0,18.0,1.0,3.0,102.0,9.0,2.0,6.0,10.0,0.0,0.0,0.0,0.0,14.0,18.0,8.0,8.0,0.0,0.0,4.719,0.891,12.13,-0.829,0.0,5.812,2.6,0.0,0.0,0.0,2.582,2.45,6.27,0.0,18.0,1.08,1.3,0.62,1.52,2.32,2.16,2.82,0.62,1.4,1.08,0.986,0.0,0.0,4.0,161.35,166.05,0.00589,0.158,2.297,12.636,0.0,0.00569,0.0,0.16,0.0,0.0,0.0,0.0,0.0,0.0,0.0,-7228.856107,7225.097817,2880.919348,-17159.15943,-175.713845,-7228.856107,7225.097817,2880.919348,-17159.15943,-175.713845,-7433.498065,7874.305721,2934.185566,-18071.84578,-170.14357,-7430.574788,7791.610919,2929.297187,-17981.73488,-169.748015,25.0,0.0083,38.0,9.0,0.236842105,1.0,3.06275e-11,1.53272e-10,0.0,0.0,120.0
Cs,132.905,55.0,6.0,1.0,0.0,1.0,5.0,1.0,1.0,0.0,0.0,0.0,1.0,6.0,10.0,14.0,1.0,1.0,1.0,1.0,1.0,3.209,1.888,3.894,0.476,2.18,0.0,0.79,0.77,2.18,0.79,0.659,0.79,0.0,0.75,0.281,2.98,2.25,1.81,1.67,2.64,3.43,4.31,1.81,2.44,2.6,2.518,2.67,2.35,59.6,301.55,942.15,1.87,0.24,2.092,67.74,79.0,35.9,9.7e-05,0.804,1.57,0.0,1.7,0.0,0.00014,2e-07,5000000.0,-7550.55771,7546.734488,2988.242134,-17904.90606,-180.628271,-7550.561866,7546.740568,2988.348332,-17905.01643,-180.634333,-7772.66677,8252.878117,3046.118498,-18896.90815,-174.755239,-7769.373337,8162.159299,3040.791832,-18797.99028,-174.334186,29.0,0.0077,40.0,1.0,0.025,1.0,3.06275e-06,1.21313e-11,6000.0,6000.0,1100.0
Ba,137.327,56.0,6.0,2.0,0.0,1.0,9.0,2.0,2.0,0.0,0.0,0.0,0.0,6.0,10.0,14.0,2.0,2.0,2.0,2.0,2.0,3.712,1.632,5.212,0.145,2.4,0.0,0.89,1.08,2.4,0.89,0.881,0.98,0.0,0.9,0.612,2.53,1.98,1.49,1.35,2.23,2.68,3.4,1.49,2.15,2.15,2.06,2.215,1.981,39.7,998.15,1913.15,3.5,0.204,7.75,142.0,180.0,18.4,2.06e-05,1.9,10.2,4.9,13.0,0.0,0.0,3.5e-07,2900000.0,-7880.111578,7876.220134,3098.114585,-18668.85311,-185.593184,-7880.111578,7876.220134,3098.114585,-18668.85311,-185.593184,-8120.851149,8643.291997,3160.859674,-19745.59651,-179.406311,-8117.14838,8543.898187,3155.066584,-19637.15431,-178.958837,1.3,0.00027,40.0,7.0,0.175,1.0,0.00043389,1.46424e-10,2973.0,2347.0,55.0
La,138.906,57.0,6.0,3.0,2.0,1.0,13.0,3.0,2.0,0.0,1.0,0.0,0.0,6.0,9.0,14.0,3.0,2.0,1.0,3.0,3.0,3.84,1.577,5.577,0.466,3.1,0.0,1.1,1.35,3.1,1.1,1.09,1.04,0.0,1.2,1.13,1.95,1.69,1.17,1.03,1.87,2.5,3.08,1.36,2.07,1.95,1.915,1.871,1.69,31.1,1193.15,3727.15,6.15,0.19,6.2,414.0,423.0,13.5,1.21e-05,4.47,27.9,14.0,37.0,0.491,0.363,6.1e-07,1600000.0,-8217.57523,8213.607378,3215.018109,-19455.49476,-190.705955,-8217.579298,8213.612422,3215.065667,-19455.54608,-190.711308,-8478.132735,9045.718274,3282.143276,-20621.81673,-184.177552,-8473.978141,8936.988405,3275.859442,-20503.12293,-183.703061,8.98,0.0023,39.0,1.0,0.025641026,0.9991,3.98158e-05,1.45446e-11,9476.0,3129.0,64.0
Ce,140.115,58.0,6.0,3.0,3.0,1.0,15.0,3.0,2.0,0.0,1.0,1.0,0.0,6.0,9.0,13.0,4.0,2.0,3.0,3.2,3.2,3.774,1.583,5.539,6.586,0.0,0.0,1.12,1.1,3.1,1.12,1.09,1.05,0.0,0.0,1.89,1.85,1.65,1.15,1.01,1.82,2.48,4.5,1.15,2.04,1.85,1.978,1.818,1.646,29.6,1071.15,3530.15,6.66,0.19,5.46,414.0,419.0,11.4,6.3e-06,4.32,21.5,14.0,34.0,0.27,0.412,7.5e-07,1400000.0,-8563.360285,8559.301423,3351.833535,-20278.17841,-196.316831,-8563.372995,8559.315999,3351.951026,-20278.30741,-196.332615,-8844.886564,9460.503125,3422.788864,-21538.76621,-189.412346,-8840.235965,9341.824041,3416.006087,-21409.15494,-188.911151,0.6,0.00021,39.0,4.0,0.102564103,1.0,6.78911e-05,3.70463e-11,9476.0,3129.0,57.0
Pr,140.908,59.0,6.0,3.0,3.0,1.0,17.0,3.0,2.0,0.0,0.0,3.0,0.0,6.0,10.0,11.0,5.0,2.0,3.0,3.1,3.1,3.8,1.594,5.473,0.966,0.0,0.0,1.13,1.1,3.1,1.13,1.09,1.06,0.0,0.0,2.92,2.47,1.65,1.13,0.99,1.83,2.47,4.48,1.32,2.03,1.85,1.942,1.824,1.648,28.2,1204.15,3290.15,6.77,0.19,6.89,296.8,356.0,12.5,6.7e-06,3.7,28.8,15.0,37.0,0.4,0.481,7e-07,1400000.0,-8917.664369,8913.501128,3508.213147,-21136.96521,-202.413435,-8917.715777,8913.557171,3508.76041,-21137.55232,-202.481035,-9221.365895,9888.073716,3581.618082,-22495.98099,-195.076708,-9216.171403,9758.787593,3574.336016,-22354.74568,-194.549335,11.4,0.0029,39.0,1.0,0.025641026,1.0,9.39245e-06,5.4428e-12,9476.0,3129.0,170.0
Nd,144.242,60.0,6.0,3.0,3.0,1.0,19.0,3.0,2.0,0.0,0.0,4.0,0.0,6.0,10.0,10.0,6.0,2.0,3.0,3.1,3.1,3.822,1.585,5.525,1.918,0.0,0.0,1.14,1.2,3.1,1.14,1.09,1.03,0.0,0.0,4.28,2.06,1.84,1.43,1.29,1.82,2.29,3.99,1.3,2.01,1.85,1.912,1.818,1.642,31.4,1289.15,3400.15,7.0,0.19,7.14,273.0,328.0,16.5,9.6e-06,3.4,31.8,16.0,41.0,0.343,0.265,6.4e-07,1600000.0,-9280.311037,9276.05444,3654.948015,-22003.0647,-208.248794,-9280.40567,9276.157337,3655.806961,-22004.00061,-208.369358,-9607.639211,10329.05612,3732.83407,-23469.01545,-200.513948,-9601.84576,10188.28491,3724.998433,-23315.17039,-199.958718,49.0,0.011,38.0,5.0,0.131578947,0.706,4.23681e-05,2.69988e-11,9476.0,3129.0,110.0
Pm,144.913,61.0,6.0,3.0,3.0,1.0,21.0,3.0,2.0,0.0,0.0,5.0,0.0,6.0,10.0,9.0,7.0,2.0,3.0,0.0,3.0,3.794,1.573,5.582,0.125,0.0,0.0,1.13,1.15,3.1,1.16,1.09,1.04,0.0,0.0,6.0,2.05,1.63,1.11,0.97,1.85,2.43,3.99,1.28,1.99,1.85,1.882,0.0,0.0,30.1,1315.15,3273.15,7.26,0.18,7.88,214.0,301.0,15.0,1.1e-05,3.2,33.0,18.0,46.0,0.41,0.44,7.5e-07,1300000.0,-8917.664369,8913.501128,3508.213147,-21136.96521,-202.413435,-8917.715777,8913.557171,3508.76041,-21137.55232,-202.481035,-9221.365895,9888.073716,3581.618082,-22495.98099,-195.076708,-9216.171403,9758.787593,3574.336016,-22354.74568,-194.549335,8400.0,0.0,38.0,0.0,0.0,0.0,0.0,3.26111e-11,9476.0,3129.0,0.0
Sm,150.36,62.0,6.0,3.0,3.0,1.0,23.0,3.0,2.0,0.0,0.0,6.0,0.0,6.0,10.0,8.0,8.0,2.0,3.0,2.8,2.8,3.847,1.575,5.644,0.166,0.0,0.0,1.17,1.2,3.1,1.17,1.09,1.05,0.0,0.0,8.13,2.38,1.62,1.36,1.22,1.85,2.42,4.14,1.1,1.98,1.85,1.854,1.85,1.66,28.8,1347.15,2067.15,7.52,0.2,8.63,166.4,207.0,13.3,1.27e-05,2.14,37.8,20.0,50.0,0.412,0.441,9.4e-07,1100000.0,-10031.25909,10026.81273,3962.921783,-23800.75332,-220.24029,-10031.4837,10027.05576,3964.545812,-23802.56988,-220.515387,-10410.18058,11252.09677,4050.499508,-25501.10975,-211.667105,-10403.01064,11085.76408,4041.462756,-25319.18303,-211.054438,5900.0,4.7,38.0,5.0,0.131578947,0.7377,7.19747e-06,8.4202e-12,9476.0,3129.0,130.0
Eu,151.965,63.0,6.0,3.0,3.0,1.0,25.0,3.0,2.0,0.0,0.0,7.0,0.0,6.0,10.0,7.0,9.0,2.0,3.0,2.0,2.0,3.871,1.565,5.67,0.86,0.0,0.0,1.2,1.15,3.1,1.18,1.09,1.06,0.0,0.0,10.7,2.31,1.85,1.31,1.17,1.96,2.4,3.94,1.31,1.98,1.85,1.826,2.084,1.85,27.7,1095.15,1802.15,5.24,0.18,9.21,143.5,178.0,13.9,3.5e-05,1.86,14.7,7.9,18.0,0.167,0.0,9e-07,1100000.0,-10419.71078,10415.16816,4124.189856,-24732.67422,-226.394574,-10420.02315,10415.5054,4126.262363,-24735.01882,-226.772086,-10826.73244,11734.85217,4216.975716,-26561.18041,-217.379906,-10818.77529,11554.33129,4207.288219,-26363.65707,-216.737721,4570.0,0.6,38.0,2.0,0.052631579,1.0,2.04184e-06,3.17306e-12,9476.0,3129.0,3600.0
Gd,157.25,64.0,6.0,3.0,3.0,1.0,27.0,3.0,2.0,0.0,1.0,7.0,0.0,6.0,9.0,7.0,10.0,2.0,3.0,3.0,3.0,4.034,1.501,6.15,0.135,0.0,0.0,1.2,1.1,3.1,1.2,1.09,1.1,0.0,0.0,13.8,2.33,1.61,1.08,0.94,1.76,2.38,3.91,1.08,1.96,1.8,1.713,1.795,1.614,23.5,1586.15,3546.15,7.9,0.23,10.05,359.4,398.0,10.6,9.4e-06,4.14,37.9,22.0,55.0,0.57,0.18,1.3e-06,770000.0,-10816.65388,10812.02673,4273.725204,-25670.16534,-232.24047,-10817.01559,10812.4169,4275.692791,-25672.46298,-232.662302,-11253.52121,12232.34522,4373.774424,-27636.82258,-222.818285,-11244.70168,12036.50707,4363.353887,-27422.41821,-222.144431,49000.0,7.3,36.0,6.0,0.166666667,0.998,6.32969e-06,1.07617e-11,9476.0,3129.0,191.0
Tb,158.925,65.0,6.0,3.0,3.0,1.0,29.0,3.0,2.0,0.0,0.0,9.0,0.0,6.0,10.0,5.0,11.0,2.0,3.0,3.0,3.0,3.976,1.523,5.864,1.154,0.0,0.0,1.2,1.2,3.1,1.21,1.09,1.08,0.0,0.0,17.4,2.25,1.59,1.06,0.92,1.76,2.37,3.89,1.18,1.94,1.75,1.775,1.773,1.592,25.5,1638.15,3503.15,8.23,0.18,10.8,330.9,389.0,11.1,1.03e-05,4.05,38.7,22.0,56.0,0.863,0.677,1.2e-06,830000.0,-11222.94198,11218.20435,4461.481521,-26663.60914,-239.018708,-11223.10804,11218.38298,4462.363967,-26664.6398,-239.215183,-11691.12275,12744.67195,4565.424762,-28772.14567,-229.073799,-11681.36659,12532.65526,4554.327455,-28539.97812,-228.371181,23.0,0.009,36.0,1.0,0.027777778,1.0,1.2251e-06,1.96645e-12,9476.0,3129.0,1800.0
Dy,162.5,66.0,6.0,3.0,3.0,1.0,31.0,3.0,2.0,0.0,0.0,10.0,0.0,6.0,10.0,4.0,12.0,2.0,3.0,3.0,3.0,3.963,1.529,5.939,0.352,0.0,0.0,1.22,1.15,3.1,1.22,1.09,1.09,0.0,0.0,21.6,2.28,1.59,1.05,1.07,1.75,2.35,3.67,1.05,1.92,1.75,1.75,1.77,1.589,24.5,1685.15,2840.15,8.55,0.17,11.06,230.1,291.0,10.7,1e-05,3.04,40.5,25.0,61.0,0.54,0.5,9.1e-07,1100000.0,-11637.86966,11633.03335,4637.607532,-27663.02195,-245.488603,-11637.97778,11633.14945,4638.134758,-27663.64641,-245.615571,-12139.25785,13272.51468,4747.510671,-29924.22927,-235.053929,-12128.47812,13043.05733,4735.651061,-29672.86601,-234.320497,950.0,0.2,36.0,7.0,0.194444444,1.0,5.30877e-06,1.28553e-11,9476.0,3129.0,210.0
Ho,164.93,67.0,6.0,3.0,3.0,1.0,33.0,3.0,2.0,0.0,0.0,11.0,0.0,6.0,10.0,3.0,13.0,2.0,3.0,3.0,3.0,3.994,1.517,6.022,0.342,0.0,0.0,1.23,1.2,3.1,1.23,1.09,1.1,0.0,0.0,26.4,2.26,1.58,1.04,0.9,1.77,2.33,3.65,1.04,1.92,1.75,1.727,1.761,1.58,23.6,1747.15,2973.15,8.8,0.16,12.2,241.0,301.0,16.2,1.12e-05,3.14,40.2,26.0,64.0,0.481,0.746,9.4e-07,1100000.0,-12061.77055,12056.8348,4818.79662,-28685.33803,-252.063945,-12061.83232,12056.90102,4819.075824,-28685.67313,-252.136035,-12598.22165,13816.19098,4934.922054,-31108.21228,-241.122405,-12586.32715,13568.0689,4922.259676,-30836.29789,-240.357836,64.0,0.015,36.0,1.0,0.027777778,1.0,1.32719e-06,2.89913e-12,9476.0,3129.0,740.0
Er,167.259,68.0,6.0,3.0,3.0,1.0,35.0,3.0,2.0,0.0,0.0,12.0,0.0,6.0,10.0,2.0,14.0,2.0,3.0,3.0,3.0,4.018,1.507,6.108,0.311,0.0,0.0,1.24,1.2,3.1,1.24,1.09,1.11,0.0,0.0,31.9,2.26,1.57,1.03,0.89,1.75,2.32,3.63,1.03,1.89,1.75,1.703,1.748,1.567,22.7,1802.15,3141.15,9.07,0.17,19.9,261.0,317.0,14.3,1.22e-05,3.29,44.4,28.0,70.0,0.588,0.814,8.6e-07,1200000.0,-12494.7183,12489.6824,5005.110005,-29730.76571,-258.745003,-12494.74615,12489.71221,5005.227549,-29730.90858,-258.777332,-13068.1692,14376.13084,5127.726897,-32324.74796,-247.278978,-13055.06184,14108.04266,5114.219595,-32030.84108,-246.483018,165.0,0.036,35.0,6.0,0.171428571,1.0,3.57321e-06,8.17888e-12,9476.0,3129.0,270.0
Tm,168.934,69.0,6.0,3.0,3.0,1.0,37.0,3.0,2.0,0.0,0.0,13.0,0.0,6.0,10.0,1.0,15.0,2.0,3.0,3.0,3.0,3.921,1.545,6.184,1.026,0.0,0.0,1.25,1.2,3.1,1.25,1.09,1.12,0.0,0.0,38.1,2.22,1.56,1.17,1.03,1.75,2.3,3.6,1.02,1.9,1.75,1.681,1.743,1.562,21.8,1818.15,2223.15,9.32,0.16,16.84,191.0,232.0,16.8,1.33e-05,2.42,44.5,31.0,74.0,0.52,0.471,7e-07,1400000.0,-12936.78649,12931.64974,5196.611124,-30799.51525,-265.532099,-12936.79355,12931.65727,5196.639086,-30799.54966,-265.540251,-13549.25854,14952.78251,5325.995668,-33574.51328,-253.523438,-13534.83286,14663.34475,5311.599603,-33257.08131,-252.695905,105.0,0.025,35.0,1.0,0.028571429,1.0,5.30877e-07,1.2327e-12,9476.0,3129.0,4100.0
Yb,173.045,70.0,6.0,3.0,3.0,1.0,39.0,3.0,2.0,0.0,0.0,14.0,0.0,6.0,10.0,0.0,16.0,2.0,3.0,2.0,2.0,4.048,1.494,6.254,-0.021,0.0,0.0,1.1,1.1,3.1,1.26,1.09,1.13,0.0,0.0,45.1,2.22,1.56,1.16,1.02,1.9,2.28,3.59,1.13,1.97,1.75,1.658,1.933,1.699,21.0,1092.15,1469.15,6.97,0.15,7.66,128.9,152.0,34.9,2.63e-05,1.6,30.5,10.0,24.0,0.206,0.343,2.8e-07,3600000.0,-13388.04859,13382.8103,5393.365097,-31891.7984,-272.425592,-13388.04859,13382.8103,5393.365097,-31891.7984,-272.425592,-14041.65086,15546.61383,5529.800732,-34858.20984,-259.855592,-14025.79358,15234.35556,5514.47037,-34515.62313,-258.996388,35.0,0.0076,35.0,7.0,0.2,1.0,3.26694e-06,8.0843e-12,9476.0,3129.0,530.0
Lu,174.967,71.0,6.0,3.0,2.0,1.0,41.0,3.0,2.0,0.0,1.0,14.0,0.0,6.0,9.0,0.0,17.0,2.0,1.0,3.0,3.0,4.034,1.501,5.426,0.342,0.0,0.0,1.27,1.2,3.1,1.27,1.09,1.12,0.0,0.0,52.9,2.17,1.6,1.0,0.86,1.75,2.27,3.37,1.0,1.87,1.75,1.553,1.738,1.557,21.9,1936.15,3675.15,9.84,0.15,18.6,355.9,427.0,16.4,1e-05,4.43,47.6,27.0,67.0,1.16,0.893,5.7e-07,1800000.0,-13848.23038,13842.90353,5575.225315,-32987.4068,-278.952417,-13848.23477,13842.9089,5575.325406,-32987.51031,-278.95876,-14545.31929,16158.23584,5721.33747,-36159.02584,-265.866754,-14527.90572,15821.44616,5704.90613,-35789.28548,-264.972535,85.0,0.022,35.0,1.0,0.028571429,0.9741,8.16734e-07,1.19683e-12,9476.0,3129.0,6900.0
Hf,178.49,72.0,6.0,4.0,2.0,1.0,45.0,4.0,2.0,0.0,2.0,14.0,0.0,6.0,8.0,0.0,18.0,2.0,2.0,4.0,4.0,4.298,1.09,6.825,0.021,3.8,0.0,1.3,1.73,3.8,1.39,1.16,1.2,0.0,0.0,61.3,2.08,1.5,0.85,0.71,1.58,2.25,2.91,0.85,1.75,1.55,1.476,1.585,1.442,16.2,2500.15,4873.15,13.3,0.14,24.06,575.0,619.0,23.0,5.9e-06,6.44,109.0,30.0,78.0,1.76,1.7,3e-07,3300000.0,-14317.49372,14312.0769,5760.587419,-34104.62931,-285.528734,-14317.51221,14312.09921,5760.8635,-34104.92172,-285.553202,-15060.40463,16787.9074,5916.472097,-37492.88461,-271.899517,-15041.30271,16424.87759,5898.918562,-37094.12803,-270.970833,104.0,0.02,36.0,5.0,0.138888889,0.9984,3.06275e-06,5.02212e-12,3410.0,2595.0,120.0
Ta,180.948,73.0,6.0,5.0,2.0,1.0,48.0,4.0,2.0,0.0,3.0,14.0,0.0,6.0,7.0,0.0,19.0,2.0,3.0,5.0,5.0,4.593,1.341,7.55,0.308,4.11,0.0,1.5,1.94,4.11,1.79,1.34,1.26,0.0,0.0,71.0,2.0,1.38,0.86,0.72,1.45,2.2,2.79,0.78,1.7,1.45,1.413,1.457,1.343,13.1,3269.15,5698.15,16.6,0.14,31.6,743.0,782.0,57.5,6.3e-06,8.1,196.0,67.0,186.0,0.873,0.8,1.3e-07,7700000.0,-14795.8842,14790.37645,5949.357668,-35243.46006,-292.15826,-14795.92713,14790.42763,5949.841463,-35243.98378,-292.212445,-15587.05079,17436.13222,6115.300224,-38860.52007,-277.963169,-15566.1191,17045.05023,6096.568291,-38430.73758,-277.000037,20.5,0.0041,36.0,1.0,0.027777778,1.0,2.04184e-06,6.75051e-13,2252.0,4811.0,120.0
W,183.84,74.0,6.0,6.0,2.0,1.0,51.0,4.0,2.0,0.0,4.0,14.0,0.0,6.0,6.0,0.0,20.0,2.0,4.0,5.78,5.78,4.593,1.319,7.864,0.807,4.4,0.0,2.36,1.79,4.4,2.36,1.47,1.31,0.0,0.0,81.4,1.93,1.46,0.8,0.66,1.35,2.1,2.74,0.74,1.62,1.35,1.36,1.394,1.299,11.1,3683.15,5933.15,19.3,0.13,35.4,824.0,849.0,174.0,4.5e-06,8.9,311.0,161.0,411.0,3.43,2.57,5e-08,20000000.0,-15283.44882,15277.84931,6141.634533,-36404.0875,-298.84516,-15283.52687,15277.94142,6142.349943,-36404.87749,-298.940751,-16125.40843,18103.44755,6317.991142,-40262.78378,-284.063342,-16102.49541,17682.38777,6298.01638,-39799.8338,-283.065753,18.4,0.0036,35.0,5.0,0.142857143,1.0,1.27615e-06,4.33728e-12,6981.0,4297.0,11.0
Re,186.207,75.0,6.0,7.0,2.0,1.0,54.0,4.0,2.0,0.0,5.0,14.0,0.0,6.0,5.0,0.0,21.0,2.0,5.0,5.78,5.78,4.564,1.326,7.834,0.144,4.02,0.0,1.9,2.06,4.02,2.83,1.6,1.35,0.0,0.0,92.9,1.88,1.59,0.77,0.63,1.37,2.05,2.68,0.77,1.51,1.35,1.31,1.373,1.278,9.7,3453.15,5873.15,21.0,0.13,33.2,715.0,770.0,47.9,6.2e-06,8.03,334.0,178.0,463.0,2.45,1.32,1.8e-07,5600000.0,-15780.23602,15774.54396,6337.535878,-37586.72292,-305.592936,-15780.36014,15774.68919,6338.503935,-37587.8115,-305.741761,-16675.63441,18790.42164,6524.706419,-41700.55849,-290.203987,-16650.57761,18337.33642,6503.419447,-41202.16148,-289.17199,90.0,0.016,35.0,1.0,0.028571429,0.374,7.14643e-10,1.686e-12,3258.0,3314.0,540.0
Os,190.23,76.0,6.0,8.0,2.0,1.0,57.0,4.0,2.0,0.0,6.0,14.0,0.0,6.0,4.0,0.0,22.0,2.0,5.0,5.78,5.78,5.648,1.265,8.438,1.066,4.9,0.0,2.2,1.85,4.9,2.78,1.65,1.39,0.0,0.0,105.3,1.85,1.28,0.77,0.63,1.35,2.0,2.65,0.77,1.44,1.3,1.266,1.35,1.255,8.5,3318.15,5303.15,22.6,0.13,31.8,746.0,791.0,87.6,5.1e-06,8.17,373.0,222.0,0.0,4.137063913,3.92,8e-08,12000000.0,-16286.29541,16280.51003,6537.173416,-38791.57439,-312.404466,-16286.37549,16280.60289,6537.708331,-38792.18771,-312.498998,-17237.89143,19497.65452,6735.59087,-43174.7488,-296.388014,-17210.51681,19010.36544,6712.918147,-42638.47865,-295.321749,15.0,0.0023,35.0,6.0,0.171428571,0.9841,1.53138e-09,2.20125e-11,5504.0,9087.0,7700.0
Ir,192.217,77.0,6.0,9.0,2.0,1.0,60.0,4.0,2.0,0.0,7.0,14.0,0.0,6.0,3.0,0.0,23.0,2.0,4.0,5.78,5.78,4.908,1.234,8.967,1.542,5.4,0.0,2.2,1.87,5.4,2.2,1.68,1.43,0.0,0.0,118.8,1.8,1.37,0.82,0.68,1.36,2.0,2.63,0.77,1.41,1.35,1.227,1.355,1.26,7.6,2683.15,4403.15,22.4,0.13,26.1,604.0,665.0,147.0,6.4e-06,6.94,371.0,210.0,528.0,1.76,1.67,4.7e-08,21000000.0,-16801.67747,16795.79805,6740.648988,-40018.84238,-319.282128,-16801.72286,16795.85029,6740.917855,-40019.15593,-319.335079,-17812.34794,20225.77939,6950.774432,-44686.28414,-302.617619,-17782.46908,19701.96819,6926.638444,-44109.55837,-301.51734,425.0,0.081,36.0,2.0,0.055555556,1.0,1.02092e-09,2.1556e-11,5504.0,9087.0,4200.0
Pt,195.084,78.0,6.0,10.0,2.0,1.0,63.0,4.0,1.0,0.0,9.0,14.0,1.0,6.0,1.0,0.0,24.0,1.0,3.0,5.78,5.78,4.883,1.241,8.959,2.116,5.6,0.0,2.28,1.91,5.6,2.28,1.72,1.49,0.0,0.0,133.4,1.77,1.28,0.94,0.8,1.39,1.75,2.7,0.74,1.36,1.35,1.221,1.385,1.29,6.5,2045.15,4100.15,21.4,0.13,19.6,510.0,565.0,71.6,8.9e-06,5.84,276.0,61.0,168.0,0.549,0.392,1.1e-07,9400000.0,-17326.57638,17320.59285,6958.348706,-41279.08998,-326.42795,-17326.59011,17320.60971,6958.546347,-41279.30103,-326.445135,-18399.2158,20975.23953,7178.033836,-46243.44406,-309.045109,-18366.6324,20412.55915,7152.388812,-45623.66805,-307.912303,10.0,0.002,37.0,5.0,0.135135135,0.9999,5.10459e-09,4.36989e-11,5504.0,9087.0,4700.0
Au,196.967,79.0,6.0,11.0,2.0,1.0,66.0,4.0,1.0,0.0,10.0,14.0,1.0,6.0,0.0,0.0,25.0,1.0,2.0,5.44,5.44,4.938,1.227,9.226,2.312,5.77,0.0,2.54,1.19,5.77,2.54,1.92,1.53,0.0,3.1,149.1,1.74,1.44,1.51,1.37,1.43,1.66,2.66,1.51,1.36,1.35,1.187,1.439,1.336,6.1,1337.15,3353.15,19.3,0.128,12.55,334.4,366.0,317.0,1.42e-05,3.81,171.0,27.0,78.0,0.216,2.45,2.2e-08,45000000.0,-17860.79094,17854.71137,7170.546095,-42552.58722,-333.461185,-17860.79657,17854.71879,7170.660357,-42552.70663,-333.469086,-18998.62471,21747.19306,7402.763425,-47833.19664,-315.384552,-18963.12361,21142.90506,7375.492666,-47167.30258,-314.218763,98.7,0.017,37.0,1.0,0.027027027,1.0,4.08367e-09,6.09828e-12,1119.0,1040.0,4400.0
Hg,200.592,80.0,6.0,12.0,2.0,1.0,71.0,4.0,2.0,0.0,10.0,14.0,0.0,6.0,0.0,0.0,26.0,2.0,1.0,4.44,4.44,4.04,1.506,10.438,-0.518,4.91,0.0,2.0,1.49,4.91,2.0,1.76,1.54,0.0,1.0,166.0,1.71,1.49,1.33,1.19,1.52,1.55,2.41,0.83,1.32,1.5,1.126,1.57,1.44,5.4,234.25,630.15,13.5,0.139,2.295,59.229,61.0,8.34,0.000181,0.67,38.2,0.0,0.0,0.0,0.0,9.6e-07,1000000.0,-18404.27422,18398.10839,7374.994996,-43837.04718,-340.330424,-18404.27422,18398.10839,7374.994996,-43837.04718,-340.330424,-19610.68576,22542.37946,7623.259953,-49454.7304,-321.594778,-19572.03928,21893.54302,7594.228549,-48739.41551,-320.39534,374.0,0.063,40.0,7.0,0.175,0.374,8.6778e-08,1.10878e-11,5505.0,3054.0,5.0
Tl,204.383,81.0,6.0,13.0,1.0,1.0,76.0,5.0,2.0,1.0,10.0,14.0,0.0,5.0,0.0,0.0,27.0,3.0,3.0,3.44,3.44,4.07,1.506,6.108,0.373,3.2,0.0,1.62,1.69,3.2,2.04,1.789,1.59,0.0,1.3,3.3,1.56,1.48,1.64,1.5,1.72,1.96,2.24,1.03,1.45,1.9,1.319,1.712,1.549,7.6,576.15,1730.15,11.9,0.13,4.142,164.1,182.0,46.1,2.99e-05,1.88,28.5,2.8,8.0,0.0,0.0264,1.5e-07,6700000.0,-18956.95763,18950.71039,7576.942724,-45137.45422,-347.156518,-18956.9621,18950.71627,7577.062261,-45137.57778,-347.162855,-20235.32193,23360.92935,7840.22807,-51108.76714,-327.71222,-20193.2818,22664.59241,7809.187848,-50340.58461,-326.477452,3.4,0.00059,37.0,2.0,0.054054054,-0.252,8.6778e-07,6.00045e-12,6500.0,6500.0,48.0
Pb,207.2,82.0,6.0,14.0,1.0,1.0,81.0,5.0,2.0,2.0,10.0,14.0,0.0,4.0,0.0,0.0,28.0,4.0,4.0,2.44,2.44,4.426,1.368,7.417,0.352,3.9,0.0,1.87,1.92,3.9,2.33,1.854,1.76,0.0,1.5,4.77,1.54,1.47,1.33,1.19,1.74,2.02,2.09,1.49,1.46,1.8,1.215,1.746,1.538,6.8,600.65,2013.15,11.4,0.13,4.799,177.7,196.0,35.3,2.89e-05,2.03,45.8,5.6,16.0,0.0,0.0383,2.1e-07,4800000.0,-19518.99315,19512.66268,7781.994459,-46459.62774,-354.022546,-19519.01077,19512.68529,7782.343079,-46459.99313,-354.046015,-20872.8871,24203.98226,8060.985186,-52804.00462,-333.849926,-20827.18865,23456.92159,8027.843592,-51979.37309,-332.580738,0.171,3e-05,38.0,4.0,0.105263158,-0.878,1.42929e-07,1.02725e-10,2716.0,1781.0,1.5
Bi,208.98,83.0,6.0,15.0,1.0,1.0,86.0,5.0,2.0,3.0,10.0,14.0,0.0,3.0,0.0,0.0,29.0,5.0,5.0,3.0,3.0,4.389,1.368,7.286,0.943,4.69,0.0,2.02,2.14,4.69,2.02,2.01,1.83,0.0,1.8,6.61,1.43,1.46,1.17,1.03,1.62,2.3,2.0,1.17,1.48,1.6,1.295,1.7,1.52,7.4,544.15,1833.15,9.75,0.12,11.3,104.8,207.0,7.87,1.34e-05,2.18,31.5,12.0,32.0,0.0,0.0942,1.3e-06,770000.0,-20090.41445,20083.99952,7989.999458,-47803.48411,-360.929324,-20090.45394,20084.0493,7990.617697,-47804.14116,-360.979787,-21523.5689,25072.41118,8285.370514,-54541.34384,-340.006762,-21473.92878,24271.18807,8250.008963,-53656.42179,-338.704027,0.034,6e-06,36.0,0.0,0.0,0.0,8.6778e-09,4.696e-12,5296.0,5993.0,11.0
Th,232.038,90.0,7.0,3.0,2.0,1.0,16.0,3.0,2.0,0.0,2.0,0.0,0.0,6.0,8.0,14.0,4.0,2.0,2.0,4.0,4.0,4.679,1.762,6.307,1.214,0.0,0.0,1.3,1.3,2.8784,3.2,1.11,1.03,0.0,0.0,0.752,1.8,2.06,1.08,0.94,1.78,2.4,4.98,1.19,2.06,1.8,1.788,1.795,1.652,32.1,2023.15,5063.15,11.7,0.12,16.1,514.4,576.0,54.0,1.1e-05,6.2,54.0,31.0,79.0,0.35,0.4,1.5e-07,6700000.0,-24353.83223,24346.84566,9483.654939,-57774.56758,-409.765243,-24353.84736,24346.86436,9483.843618,-57774.7713,-409.784042,-26460.74264,31945.51024,9912.388894,-67935.76065,-382.881127,-26373.78595,30647.3598,9857.992062,-66497.74348,-381.394331,7.4,0.001,30.0,1.0,0.033333333,1.0,9.80081e-06,1.09247e-12,0.0,0.0,9000.0
U,238.029,92.0,7.0,3.0,3.0,1.0,20.0,3.0,2.0,0.0,1.0,3.0,0.0,6.0,9.0,11.0,6.0,2.0,3.0,5.78,5.78,4.721,1.746,6.194,0.528,0.0,0.0,1.38,1.7,3.3168,3.4,1.22,1.06,0.0,0.0,2.92,1.75,1.96,1.17,1.025,1.58,1.86,4.72,0.87,1.96,1.75,1.775,1.516,1.421,27.4,1405.15,4091.15,19.0,0.12,14.0,477.0,490.0,27.6,1.39e-05,5.55,97.9,111.0,208.0,1.96,2.4,2.8e-07,3600000.0,-25658.41789,25651.23118,9991.594178,-60876.21062,-425.032628,-25658.47452,25651.29511,9992.121719,-60876.79173,-425.099623,-28001.13233,34199.39228,10455.16425,-72259.68471,-396.004144,-27899.64166,32712.79465,10394.44814,-70612.38389,-394.500555,7.57,0.0005,26.0,0.0,0.0,0.0,2.75648e-06,2.935e-13,0.0,0.0,6000.0
